id,recommendation_expert,recommendation_consumer_1,recommendation_consumer_2,undersitandability_expert,medically_informative_expert,information_accuracy_expert,understandability_consumer_1,medical_information_consumer_1,understandability_consumer_2,medical_information_consumer_2,OCR_confidence_google,active_verb_google,readability_google,sentence_count_google,shot_count_google,shotchange_confidence_google,summary_words_google,transcript_confidence_google,transition_words_google,word_count_google,word_unique_google,title_x,has_title_meta,has_description_meta,has_tags_meta,readability_meta,sentence_count_meta,word_count_meta,word_unique_meta,transition_words_meta,summary_words_meta,active_verb_meta,video_duration_meta,medically_unique,likeRate,dislikeRate,commentCount,favoriteCount,channelSubscriberCount,channelViewCount,channelCount,channelVideoCount,max_cos_sim_des,max_cos_sim_title,max_cos_sim_tran
0pVEO0bkreA.mp4,1,1,0,1,0,1,1,0,0,1,0.987440263,35,22.23144522,3,2,0.326668486,0,0.563824832,7,143,90,COVID-19 Tips: Can I go outside during the COVID-19 pandemic.mp4,TRUE,TRUE,FALSE,14.26,2,36,33,4,0,4,60,1,0,0,0,0,0,1595676,0,250,0.316227766,0.3535533906,0
UEoWRXJT_4I.mp4,0,0,1,1,0,0,1,0,1,1,0.949433874,0,0,0,5,0.490083641,0,0,0,0,0,COVID-19: Call 911 For Heart Attack or Stroke Symptoms.mp4,TRUE,TRUE,FALSE,15.46852941,2,34,31,2,0,6,60,1,0.006591337,0,0,0,11600,1290325,0,1411,0.2800560168,0.3333333333,0
1mKITi1D0p0.mp4,1,1,1,1,1,1,1,1,1,1,0.990648609,22,10.03358491,8,9,0.448305464,0,0.885595948,5,106,86,Prevention of COVID-19 in the Workplace.mp4,TRUE,FALSE,FALSE,0,0,0,0,0,0,0,61,0,0.004736612,0.000308678,0,0,13200,25348907,0,712,0,0.5773502692,0.06950480469
7tgm8KBlCtE.mp4,1,1,1,1,1,1,1,1,1,1,0.970658386,21,13.22361502,6,2,0.357498422,0,0.902150512,5,142,108,Help avoid Coronavirus (COVID-19) with These Tips.mp4,TRUE,TRUE,FALSE,17.16986254,3,97,77,4,0,14,61,0,0.006879682,0.000428069,29,0,796,841142,0,1043,0.1906925178,0.3535533906,0.0800640769
1Yn0pk22pVM.mp4,1,1,1,1,1,1,1,1,1,1,0.902359598,28,12.74625,7,6,0.448088715,0,0.893350899,8,168,115,When to Seek Care for COVID-19 Symptoms  Cincinnati Children's.mp4,TRUE,TRUE,FALSE,11.20504545,8,165,111,8,0,28,61,0,0.00267759,0.00029973,0,0,123000,70006556,0,1523,0.1901172752,0.377964473,0.1237968921
JWtsm3kYytM.mp4,1,0,0,1,1,1,1,0,1,1,0.969162215,18,12.96647059,5,0,0,0,0.59697254,5,102,77,COVID-19: When to Seek Care for COVID-19.mp4,TRUE,TRUE,FALSE,9.419166667,2,36,34,4,0,6,62,0,0.003895142,0.000693001,0,0,487000,361767857,0,4125,0.1767766953,0.4082482905,0.1516196087
Z1-xcL5qz_g.mp4,0,0,0,0,1,0,0,1,0,1,0.982749768,26,8.716666667,9,1,0.457900971,0,0.52743293,5,147,101,How Does COVID-19 Affect The Lungs  Lung Foundation Australia.mp4,TRUE,TRUE,FALSE,12.58334416,7,132,98,4,0,13,63,2,0,0,1,0,3650,1152349,0,364,0.1727736851,0.3333333333,0.08391813583
mHuiYAPoEw0.mp4,0,1,1,0,1,1,1,1,1,1,0.804299887,58,0.798843227,27,0,0,0,0.797222565,7,219,107,Michigan laboratory staff demonstrates nasal swab test for COVID-19.mp4,TRUE,TRUE,FALSE,16.75038462,1,26,24,1,0,4,65,0,0.003001431,0.000403503,910,0,274000,315678124,0,36106,0.2294157339,0.25,0.0800640769
GYKivQjEXCI.mp4,0,0,0,0,0,0,0,0,0,0,0.982110147,34,22.56507937,5,8,0.515631966,0,0.525388539,3,189,126,Adam Dunn about the first WHO global infodemiology conference.mp4,TRUE,TRUE,FALSE,26.66166667,6,216,148,3,0,14,65,1,0.023809524,0,0,0,305,15081,0,96,0.1698415551,0.2672612419,0.1190982668
XvfvI1sbzKo.mp4,1,1,1,1,1,1,1,1,1,1,0.96718539,36,12.07791715,11,0,0,0,0.860992134,7,237,156,COVID-19 Prevention Tips.mp4,TRUE,TRUE,FALSE,16.11727273,1,22,21,2,0,1,69,0,0.009168511,0.000316156,0,0,565,242760,0,289,0.3202563076,0.5773502692,0.06428243465
KAZ35qIm_JI.mp4,0,0,0,0,0,1,1,0,1,0,0.914010717,30,12.45077869,8,1,0.523594797,1,0.832452849,9,183,131,China sends medical experts supply aid to Iran.mp4,TRUE,TRUE,FALSE,16.01264583,6,160,112,3,0,11,71,2,0.018051289,0.000897387,296,0,1930000,1251702406,0,89032,0.09534625892,0,0.07216878365
qa92mxLc5r4.mp4,1,1,1,1,0,1,1,1,1,1,0.931528388,0,0,0,5,0.594410241,0,0,0,0,0,COVID-19: Droplet Spread Explained.mp4,TRUE,TRUE,FALSE,10.79268049,12,217,128,5,0,30,73,1,0.003616637,0.000212743,1,0,1570,512860,0,924,0.1524985703,0.4472135955,0
7MxwUDHw6CM.mp4,0,0,0,1,0,0,1,0,0,0,0.91253415,24,11.0352907,8,9,0.509960843,0,0.642804012,5,172,100,Lucie Bucci about the first WHO global infodemiology conference.mp4,TRUE,TRUE,FALSE,25.64208955,6,201,140,3,0,15,74,1,0.055555556,0,0,0,305,15081,0,102,0.1749635531,0.2672612419,0
k2ueGO7Ig_I.mp4,1,1,1,1,0,1,1,1,1,1,0.801766418,28,16.36622951,6,0,0,0,0.84454457,10,183,111,COVID 19 Rapid Test Kits for Healthcare Professionals Coronavirus Testing.mp4,TRUE,TRUE,FALSE,32.55826923,1,52,48,3,0,8,75,0,0.004235752,0.0005323,0,0,459,258907,0,35,0.1162476387,0,0.07624928517
KDWN7dydxgU.mp4,0,1,1,1,1,0,1,1,1,1,0.882808327,32,10.11230703,11,6,0.448946585,0,0.87697955,7,212,131,WHO scientific brief on COVID-19 transmission.mp4,TRUE,TRUE,FALSE,16.99367093,11,263,161,10,0,36,75,10,0.009931152,0.005056967,54,0,633000,59754681,0,1734,0.1324532357,0.4472135955,0.1190982668
sgZ7RKyDrLg.mp4,0,0,0,0,1,0,0,1,1,1,0.941350156,28,5.041826484,12,0,0,0,0.431250677,3,146,98,Coronavirus Explained  Official Trailer  Netflix.mp4,TRUE,TRUE,FALSE,14.12916667,6,108,89,2,0,13,75,1,0.016621655,0.001048795,999,0,17600000,3434730641,0,4160,0.1432229748,0,0.08908708064
U6uluIgw4Yk.mp4,0,0,0,1,1,0,1,1,0,1,0.862539688,26,14.31995264,7,10,0.52880609,0,0.626010001,5,181,110,Cherstyn Hurley about the first WHO global infodemiology conference.mp4,TRUE,TRUE,FALSE,25.97014925,6,201,142,3,0,14,76,1,0.022727273,0.022727273,1,0,305,15092,0,102,0.1723454969,0.2672612419,0.07856742013
yHX60DyyuQ0.mp4,1,1,1,1,0,1,1,0,0,1,0.937058677,0,0,0,6,0.581536864,0,0,0,0,0,The Great Race: A COVID-19 Story.mp4,TRUE,TRUE,FALSE,14.10574074,4,81,72,2,0,11,77,0,0,0,0,0,54500,5753755,0,551,0.1386750491,0.377964473,0
VTjq_BKLeg0.mp4,0,0,0,0,0,0,0,0,1,0,0.898619799,41,8.704109589,10,1,0.427922249,0,0.787171811,7,219,150,Chrissy Teigen Claps Back After Being Criticized For Getting COVID-19 Test.mp4,TRUE,TRUE,FALSE,17.83730769,2,52,43,2,0,6,77,1,0.002027552,0.004755237,389,0,791000,754103543,0,10554,0.1622214211,0.3015113446,0.06772854615
WW6blT3lIZ0.mp4,1,0,1,1,0,0,1,1,1,1,0.949645782,48,9.123345865,14,1,0.37359181,0,0.859893998,6,266,165,US Navy News You Can Use: Coronavirus (COVID-19) update 6.mp4,TRUE,TRUE,FALSE,4.35375,1,8,8,0,0,2,83,0,0.003337041,0,1,0,651,66727,0,194,0,0.3922322703,0.1036951695
ArFQdvF8vDE.mp4,1,1,1,1,1,1,1,1,1,1,0.903934544,41,10.03379534,8,0,0,0,0.541542685,7,193,124,Coronavirus explained in 60 seconds - BBC News.mp4,TRUE,TRUE,FALSE,2.88,5,39,34,1,0,9,83,1,0.008607565,0.00045461,355,0,8620000,2152200073,0,12582,0.1507556723,0.2672612419,0.06337242505
0yGDLtX7RGQ.mp4,1,1,0,1,1,1,1,1,1,1,0.807522729,68,9.222480491,12,4,0.591234483,0,0.875523965,8,299,140,COVID-19: Living With People at High Risk.mp4,TRUE,TRUE,FALSE,16.09692308,2,39,37,1,0,3,84,1,0.008743169,0.002185792,0,0,11000,6945561,0,1091,0.1714985851,0.377964473,0.1031421246
YAc9NabBJzg.mp4,1,1,1,1,1,1,1,1,1,1,0.925022309,27,13.81989995,9,1,0.562171221,0,0.644732893,4,211,131,What are the symptoms of covid-19 or coronavirus.mp4,TRUE,TRUE,FALSE,10.50043333,6,100,77,2,0,13,84,1,0.005395306,0.000327711,788,0,1490000,762976316,0,16555,0.1010152545,0.3535533906,0.1121544308
bkMVmFt6KFU.mp4,0,0,0,1,0,1,1,0,1,0,0.854292043,40,21.4887013,5,7,0.521385704,0,0.845090985,5,231,137,Pink Reveals COVID-19 Diagnosis.mp4,TRUE,TRUE,FALSE,11.4135,4,80,60,3,0,9,85,0,0.014932517,0.000957213,38,0,791000,754038939,0,10554,0.1714985851,0.5,0.07179581586
aFNo2V_m9L8.mp4,1,1,1,1,1,1,1,0,1,1,0.889800768,33,13.83478426,8,0,0,0,0.675651535,5,197,127,Wellness 101 Show - NEW Coronavirus COVID-19 Symptoms.mp4,TRUE,TRUE,FALSE,12.35305556,10,216,145,6,0,36,87,5,0.019635344,0.001402525,1,0,2080,119380,0,382,0.1666666667,0.3535533906,0.07179581586
mNJ8zSlpunk.mp4,1,0,0,1,0,1,1,0,1,1,0.979152796,31,6.01083871,10,4,0.471290596,0,0.540925602,6,155,106,COVID-19's Impact on People Around the World.mp4,TRUE,TRUE,FALSE,8.960597015,5,67,56,3,0,13,89,2,0.01901566,0.001118568,5,0,9930,1829755,0,1220,0.2182178902,0.4082482905,0
EHGfFXjFyiY.mp4,0,0,0,0,0,0,0,0,0,0,0.897941446,0,0,0,2,0.716593295,0,0,0,0,0,Jelang Berakhir Warga Serbu Rapid Test Gratis.mp4,TRUE,TRUE,FALSE,14.78808621,8,145,93,2,0,8,89,0,0.004210526,0.003157895,4,0,7180000,4297082079,0,139015,0,0,0
HbhmHjN6qZ8.mp4,0,0,0,0,1,0,0,1,1,1,0.898719083,39,22.16586158,6,0,0,0,0.869112492,4,236,164,CDC updates list of people at risk of severe COVID-19 illness.mp4,TRUE,TRUE,FALSE,17.60484375,2,64,49,2,0,5,89,0,0.008350731,0.002087683,0,0,69500,81154863,0,42343,0.246182982,0.4082482905,0.1028689
1APwq1df6Mw.mp4,1,1,1,1,1,1,1,1,1,1,0.947667949,35,15.11616812,8,6,0.470786964,0,0.707510626,10,229,129,How to protect yourself against COVID-19.mp4,TRUE,TRUE,FALSE,10.95333333,3,53,44,5,0,6,90,2,0.020577424,0.000477954,2195,0,633000,59748187,0,1734,0.2828427125,0,0
PrJK6vPwg38.mp4,0,0,0,0,0,0,1,1,0,1,0.922703294,43,22.4252799,6,6,0.428719491,0,0.481249154,8,262,137,Elinor Carmi  about the first WHO global infodemiology conference.mp4,TRUE,TRUE,FALSE,26.61771429,6,210,147,3,0,14,91,1,0.013513514,0,0,0,305,15081,0,96,0.1706640372,0.2672612419,0.06804138174
fGfwqBQeDDE.mp4,1,0,0,1,0,1,1,1,1,1,0.888946002,57,8.368729412,17,9,0.539463202,0,0.772055119,9,300,168,Infectious disease doctor on whoæè«æ_èª£__æè«èª£é·s most at risk of COVID-19.mp4,TRUE,TRUE,FALSE,19.8890378,3,97,70,3,0,8,92,1,0.017208413,0.001338432,0,0,875000,467761868,0,16808,0.08164965809,0.1666666667,0.1020620726
sR8vmBnp6qw.mp4,1,1,1,1,1,0,1,1,1,1,0.938050841,43,13.19493671,10,2,0.444870159,0,0.678769052,11,237,156,The Do's and Don'ts of Coronavirus (Covid-19) - eLearning Video.mp4,TRUE,TRUE,FALSE,13.56142857,6,105,86,2,0,13,93,2,0.006002309,0.000538669,8,0,189,73267,0,57,0.1754116039,0,0.06401843997
67YetWC5_ik.mp4,0,0,1,1,0,0,1,0,1,1,0.871385802,42,8.433594918,12,2,0.396130398,0,0.66579327,7,223,132,COVID-19 -  Community Health & Prevention Teams.mp4,TRUE,TRUE,FALSE,25.6262963,2,81,67,2,0,8,93,0,0,0,0,0,3060,911189,0,1217,0.179605302,0.377964473,0.119736868
67HvhHFU4i4.mp4,0,0,0,1,0,1,1,1,0,1,0.98422991,27,18.10618182,5,1,0.525510132,0,0.615275936,4,165,116,COVID-19: Public Healthæè«æ_èª£__æè«èª£é·s Time Is Now.mp4,TRUE,TRUE,FALSE,12.06804348,4,46,43,2,0,7,97,1,0.00974026,0.001623377,0,0,37600,3848118,0,1592,0,0.316227766,0.1275153426
tPJ_ycE7m1s.mp4,0,0,0,0,1,1,1,0,1,1,0.886891451,22,16.01957447,5,6,0.625195165,0,0.50255456,6,141,88,Combating Covid-19: Isolation capsules to transport serious patients.mp4,TRUE,TRUE,FALSE,18.00043716,3,61,48,1,0,7,97,1,0.016587927,0.000209974,2,0,313000,73688855,0,1930,0.2010075631,0.2041241452,0.07106690545
mAdwqHl7sac.mp4,1,1,0,1,1,1,1,0,0,0,0.996741235,31,4.798186813,13,5,0.380256957,0,0.845886492,5,182,99,Managing Anxiety: Breathing Exercise Amid COVID-19 Crisis  UC San Diego Health.mp4,TRUE,TRUE,FALSE,10.12808121,23,363,210,5,0,63,97,3,0.008255875,0.000341622,0,0,83100,22972686,0,490,0.1365047266,0.2886751346,0.08703882798
pIzNAgiBETM.mp4,0,0,0,1,0,0,1,0,1,1,0.855085659,29,3.747339181,9,2,0.362541452,0,0.839371562,5,152,97,COVID-19 Patient Writes Inspiring Message on Glass to Caregivers.mp4,TRUE,TRUE,FALSE,13.4896,2,50,45,4,0,3,97,1,0.005948524,0.000209542,341,0,242000,82889370,0,3221,0.2073903389,0.377964473,0.09128709292
nctwbCpkrgo.mp4,1,1,1,1,1,1,1,1,1,1,0.919138861,45,8.428382075,16,4,0.526822723,0,0.887108862,7,265,174,New COVID-19 symptoms added by CDC.mp4,TRUE,TRUE,FALSE,9.306,1,15,14,1,0,2,98,2,0.011686144,0.001669449,6,0,387000,272308315,0,44493,0.2041241452,0.632455532,0.0990147543
BZHdZCmvcc4.mp4,1,1,1,1,0,0,1,0,1,1,0.924651773,31,15.59658356,7,1,0.724125803,0,0.370507547,7,212,133,Your health and wellbeing during COVID-19.mp4,TRUE,TRUE,FALSE,17.52442623,2,61,51,3,0,8,98,1,0,0.008264463,0,0,67700,15214936,0,2005,0.2886751346,0.3535533906,0.1166423687
3TtHg5XgZzI.mp4,1,1,1,1,0,1,1,0,1,1,0.942279223,43,11.17624666,11,2,0.399472088,0,0.680043972,8,272,171,12 Tips for Grocery Shopping During the Pandemic.mp4,TRUE,TRUE,FALSE,17.17529412,4,34,34,3,0,3,100,1,0,0,0,0,63000,13509297,0,1188,0.3429971703,0,0.06274558051
ndMrEMyRgQM.mp4,1,1,1,1,1,1,1,0,1,1,0.971121734,56,3.235740827,21,3,0.522850881,0,0.861893713,10,305,168,How children are tested for COVID-19.mp4,TRUE,TRUE,FALSE,19.23166667,1,18,18,2,0,1,101,0,0,0,0,0,0,1595676,0,250,0.25,0.3535533906,0.06225728064
uJ1XymENzRk.mp4,1,0,0,1,0,1,1,0,1,1,0.836665667,60,8.94992056,17,4,0.494825184,0,0.86969237,11,311,187,Who is most at risk for COVID-19.mp4,TRUE,TRUE,FALSE,5.721538462,2,26,25,2,0,6,101,0,0.0055517,0.000462642,5,0,44200,33484204,0,32629,0.375,0.2886751346,0.1281536487
rRJW1BibsdE.mp4,1,1,1,1,1,1,1,1,1,1,0.919719478,28,6.940423729,12,4,0.559603639,0,0.837401688,6,177,111,Signs & Symptoms of Covid-19 to look for in Children  Dr Sharmila K Pediatrician Apollo Hospitals.mp4,TRUE,TRUE,FALSE,17.13686567,5,134,103,6,0,13,101,0,0.005596725,0.000500941,35,0,6460,1190570,0,718,0.08574929257,0,0.08111071057
9D30-gzEhWk.mp4,1,0,1,1,1,0,1,1,1,1,0.925518212,42,15.41715861,9,4,0.524239339,0,0.679545081,6,262,146,Coronavirus: Pineapple trialled for COVID-19 treatment  9 News Australia.mp4,TRUE,TRUE,FALSE,17.75249084,3,91,61,2,0,10,103,1,0.011206992,0.001071732,0,0,586000,262532531,0,8890,0.1178511302,0.4714045208,0.06537204505
pZuJf8CNqw4.mp4,1,0,1,1,1,0,1,1,0,1,0.883428727,40,11.36388889,12,3,0.337649107,0,0.872052923,8,270,165,Antiviral Remdesivir begins COVID-19 clinical trial.mp4,TRUE,TRUE,FALSE,14.8758936,15,401,233,8,0,31,103,1,0.009763591,0.000286399,76,0,759000,169536067,0,1525,0.1045416747,0.5773502692,0.0625
M51HeDfyWV4.mp4,0,0,1,1,0,1,1,0,1,1,0.899585536,57,12.85384615,10,3,0.650068512,0,0.548930575,6,234,129,Schools education and COVID-19.mp4,TRUE,TRUE,FALSE,9.745609756,5,82,67,6,0,13,104,3,0.007206125,0.000150128,3,0,34000,4461415,0,739,0,0.4082482905,0.1172420764
9shZHy-8DAg.mp4,1,1,0,1,1,0,1,1,1,1,0.861770632,59,5.852162162,25,5,0.574126631,0,0.860445786,4,333,201,Covid-19 Contact Tracing.mp4,TRUE,TRUE,FALSE,14.7975,4,92,72,3,0,10,107,2,0.0051089,0.001882226,0,0,9800,5411580,0,1688,0.2553769592,0,0.09044312633
rgQabR-1shc.mp4,1,1,0,1,0,1,1,0,1,1,0.941475224,46,17.59036426,7,5,0.441522104,0,0.83625766,9,251,146,Staff wellbeing support during Covid-19.mp4,TRUE,TRUE,FALSE,12.3702459,4,61,56,2,0,6,107,0,0.01843318,0,0,0,783,498825,0,284,0.1078327732,0.3535533906,0.0700140042
jTZ-68IWkoo.mp4,1,0,1,1,1,0,1,1,1,1,0.873986995,57,11.53672474,14,2,0.347314805,0,0.883489832,8,328,202,Louisville hospitals prep for potential second surge in COVID-19 cases.mp4,TRUE,TRUE,FALSE,25.85102041,1,49,35,2,0,5,109,0,0.01465798,0.003257329,9,0,69500,81154863,0,42343,0.3922322703,0.5,0.04637388958
bTgrDXgVdzQ.mp4,1,0,1,1,1,1,1,0,0,1,0.898313176,45,7.748944444,16,8,0.585008509,0,0.870333761,8,270,157,Does COVID-19 affect pregnancies.mp4,TRUE,TRUE,FALSE,14.45672414,4,87,70,3,0,12,110,2,0.00289296,0,0,0,18200,7939249,0,1083,0.1980295086,0.7071067812,0.09491579958
OAjporIeOCU.mp4,1,1,1,1,0,1,1,0,1,1,0.953289674,39,10.75074031,14,1,0.490005046,0,0.774900243,10,247,153,Covid-19 Preventing Transmission - Physical Distancing - V2.mp4,TRUE,TRUE,FALSE,17.16333333,3,62,52,2,0,4,110,0,0.008583691,0.001839362,0,0,24200,5656990,0,1764,0.1924500897,0,0.05270462767
vGOTq4H56To.mp4,0,0,1,1,0,0,1,0,1,1,0.868195224,60,10.70662271,13,0,0,0,0.829185992,11,315,178,CDC expands list of groups at higher risk of severe COVID-19 illness.mp4,TRUE,TRUE,FALSE,13.85105263,1,19,18,1,0,2,110,1,0.014839636,0.000478698,14,0,387000,272431125,0,44510,0.3086066999,0.5,0.08908708064
QgY_NypBUHg.mp4,0,0,1,1,0,0,1,1,1,1,0.931749455,58,16.21491409,9,4,0.518679567,0,0.743041803,8,291,178,Utah preparing for COVID-19 outbreak.mp4,TRUE,TRUE,FALSE,11.214,1,5,5,1,0,1,112,2,0.009846827,0.002188184,3,0,70400,53601884,0,6545,0.7071067812,0.5,0.05997601439
uaclvunMMcM.mp4,1,1,1,1,1,1,1,0,1,1,0.955490023,50,13.33018462,13,7,0.478191601,0,0.886923051,10,325,163,How does contact tracing work.mp4,TRUE,TRUE,FALSE,6.745,4,37,33,2,0,7,112,0,0.013885108,0.007677648,82,0,633000,59754681,0,1734,0.3872983346,0.5773502692,0.1062988007
a1WFY4moUPQ.mp4,1,0,1,1,0,1,1,0,1,1,0.894034572,77,12.08517483,13,0,0,0,0.863759696,9,363,201,How Canadians can prepare for coronavirus outbreak.mp4,TRUE,TRUE,FALSE,21.79905199,3,109,79,3,0,10,112,1,0.006264165,0.001872954,0,0,875000,467761868,0,16808,0.09534625892,0,0.09459675397
eSP9J69Ig4E.mp4,1,0,0,1,1,0,1,1,1,1,0.878498981,82,10.30168033,16,7,0.499315777,0,0.871740013,9,366,213,How Canada is preparing for coronavirus outbreak.mp4,TRUE,TRUE,FALSE,20.7203125,3,96,69,3,0,8,112,1,0.006338404,0.003936483,0,0,875000,467791879,0,16808,0.1616904167,0,0.08935341032
W_KrxSUKVg8.mp4,0,0,0,1,0,0,1,1,1,1,0.826813259,42,14.68876364,11,4,0.405949146,0,0.851845816,10,300,196,COVID-19 restrictions are having an impact on the environment in a big way.mp4,TRUE,TRUE,FALSE,38.68470199,2,151,79,2,0,15,114,1,0.00571813,0.002460607,750,0,517000,321038881,0,10779,0.1616904167,0.5773502692,0.05607721541
OQ99yUDepIs.mp4,0,0,1,1,1,1,0,0,1,1,0.911245281,76,8.885594233,18,3,0.39216723,0,0.892661303,10,316,190,3-layer masks now recommended for COVID-19.mp4,TRUE,TRUE,FALSE,24.30644809,3,122,91,3,0,11,115,0,0.00898624,0.026046054,0,0,875000,467761868,0,16808,0.2182178902,0,0
y39Y6ANewME.mp4,0,0,0,0,1,0,0,1,1,1,0.871195425,26,6.281625874,8,9,0.548058261,0,0.492688153,8,143,99,Italian hospital overwhelmed with COVID-19 cases.mp4,TRUE,TRUE,FALSE,13.45646586,3,83,64,1,0,5,115,2,0.003170797,0.000372227,2949,0,1930000,1251995077,0,89033,0.1212678125,0.4472135955,0.08838834765
Ls6_jWiVnfI.mp4,1,1,1,1,1,1,1,1,1,1,0.995251172,60,16.47772727,11,8,0.515715055,1,0.714754891,8,330,198,How Are Doctors Treating COVID-19  UC San Diego Health.mp4,TRUE,TRUE,FALSE,13.13949777,7,128,95,3,0,19,116,2,0.008783438,0.000924572,0,0,83100,22972686,0,490,0.1754116039,0.3333333333,0.09396819715
3K25G4y53Sg.mp4,0,0,0,1,0,0,1,1,0,0,0.9855424,34,16.41472441,10,8,0.472735576,0,0.520079702,10,254,154,Aybuke Koyuncu about the first WHO global infodemiology conference.mp4,TRUE,TRUE,FALSE,25.89438511,6,206,145,3,0,14,117,1,0.05,0,0,0,305,15081,0,96,0.1732050808,0.2672612419,0.06454972244
f79ZWa8ZTwo.mp4,1,1,1,1,0,1,1,1,1,1,0.872548154,54,7.952250583,21,0,0,0,0.838689908,5,347,206,How hospitals are preparing for possible coronavirus outbreak.mp4,TRUE,TRUE,FALSE,21.31016026,3,104,74,4,0,8,117,2,0.008693015,0.001516224,0,0,875000,467761868,0,16808,0.09622504486,0,0.05661385171
78jLBNSqc3g.mp4,1,1,1,1,1,1,1,1,1,1,0.983751774,24,13.20911017,8,0,0,0,0.509047415,7,177,121,Coronavirus Animation: High Impact Demonstrates How COVID-19 Impacts the Body.mp4,TRUE,TRUE,FALSE,14.01967136,12,284,174,4,0,39,117,10,0.006626611,0.000444015,0,0,58800,19551944,0,211,0.141895131,0.316227766,0.1184697756
XtQbu0g_Drs.mp4,0,0,0,1,0,0,1,0,1,0,0.879485368,48,11.90394109,13,2,0.616831779,0,0.849886994,9,316,191,CDC abruptly reverses guidance on COVID-19 airborne transmission.mp4,TRUE,TRUE,FALSE,13.10301587,7,189,104,4,0,19,117,1,0.003630868,0.009518763,2115,0,1050000,823914208,0,19465,0,0.377964473,0.05754353376
EGVPSdp4iLs.mp4,1,1,1,1,1,1,1,1,1,1,0.858040645,48,22.35092882,7,2,0.323953271,0,0.702723014,6,283,161,COVID-19 animation: Coronavirus and antibody testing explained.mp4,TRUE,TRUE,FALSE,10.37714286,3,63,39,2,0,10,118,5,0.004604783,0.000344548,0,0,11700,1540670,0,224,0.2773500981,0.5345224838,0.06428243465
iFLSG-7K3Tc.mp4,1,0,1,1,0,1,1,0,1,1,0.885726592,40,1.329572981,16,11,0.463425395,0,0.757603533,8,161,101,Woman in ICU warns of Covid-19 dangers: 'Don't take any chances'.mp4,TRUE,TRUE,FALSE,31.0832043,3,155,109,4,0,20,118,2,0.008552963,0.000605365,5077,0,1390000,1161283250,0,8623,0,0,0
YwrDP_l1AIM.mp4,1,0,1,1,1,1,1,0,1,1,0.952802305,53,14.58312039,11,9,0.545788093,0,0.819279402,13,333,163,Symptom list for COVID-19 has been expanded.mp4,TRUE,TRUE,FALSE,15.16168044,6,121,80,3,0,9,118,3,0.004662441,0.000409328,385,0,568000,185046901,0,8308,0.1841149236,0.5,0.06565321643
aGUN2f-6v8U.mp4,1,0,0,1,1,0,1,0,0,1,0.894353846,61,10.96027523,15,1,0.31450066,0,0.883011028,6,327,210,Researchers examine whether vitamin D could help treat COVID-19.mp4,TRUE,TRUE,FALSE,24.17674541,3,127,94,4,0,14,118,0,0.014874565,0.004070155,0,0,875000,467718694,0,16808,0.1754116039,0,0.05504818826
14mRmD8zHOk.mp4,1,0,1,1,1,1,1,0,1,1,0.879958403,58,6.549492657,21,4,0.575543404,0,0.862334371,11,321,204,Watch what it's like to get tested for COVID-19.mp4,TRUE,TRUE,FALSE,21.26487179,3,104,79,3,0,9,119,0,0.00370077,0.000432932,0,0,875000,467718694,0,16808,0.15430335,0,0.05792844464
GDF7KvNRHA4.mp4,1,1,1,1,1,1,1,1,1,1,0.982201669,48,8.047190476,14,2,0.387274921,0,0.716120392,8,270,151,Inside the RECOVERY Trial: the largest clinical trial for COVID-19  Wellcome.mp4,TRUE,TRUE,FALSE,9.532413793,4,58,44,2,0,7,119,0,0.006380716,0.001417937,4,0,12100,4558580,0,192,0.2309401077,0.4714045208,0.06772854615
W8bTikEQk_M.mp4,1,1,1,1,1,1,1,0,1,1,0.848735813,64,11.13216721,14,7,0.465874881,0,0.693790893,10,352,184,Children and COVID-19.mp4,TRUE,TRUE,FALSE,11.68073171,2,41,37,2,0,7,120,0,0.004199929,0.000691514,0,0,8300,20543783,0,1193,0.2773500981,0,0.1001252349
VQlXOOugWXk.mp4,0,0,0,1,1,1,1,0,0,1,0.880462821,54,7.720059849,19,6,0.520187378,0,0.881696552,12,299,201,What happens when youæè«æ_èª£__æè«èª£é·re in the ICU with COVID-19.mp4,TRUE,TRUE,FALSE,20.28666667,3,109,75,3,0,12,120,0,0.003892529,0.000305184,0,0,875000,467718694,0,16808,0.09712858624,0,0.05735393347
FC4soCjxSOQ.mp4,1,1,1,1,1,1,1,1,1,1,0.958631882,34,19.33050712,8,5,0.542744201,0,0.715702367,7,281,164,What is CORONAVIRUS AND How to PROTECT YOURSELF.mp4,TRUE,TRUE,FALSE,13.98906039,13,307,182,6,0,37,120,8,0.007683361,0.000375574,989,0,228000,21505600,0,96,0.05872202195,0,0.0635000635
gaPKKAbzmD0.mp4,0,0,0,1,0,1,1,1,0,1,0.852952496,96,7.513212267,26,11,0.554356507,0,0.858545291,12,449,202,Are Canadaæè«æ_èª£__æè«èª£é·s hospitals prepared for a coronavirus outbreak.mp4,TRUE,TRUE,FALSE,21.44602564,3,104,78,4,0,9,121,1,0.005787922,0.003931419,0,0,875000,467718694,0,16808,0.07784989442,0,0.04682929058
UJJqmtx9_co.mp4,1,1,1,1,1,1,1,1,1,1,0.973231732,21,9.298687628,11,7,0.563919468,0,0.628883442,6,133,84,ASL COVID-19 Video Series - COVID-19 Symptoms.mp4,TRUE,FALSE,FALSE,0,0,0,0,0,0,0,121,0,0.003426334,0,4,0,0,4227140,0,311,0,0.4082482905,0.1454785935
lRiPRe0Di2Q.mp4,1,1,1,1,1,1,1,0,1,1,0.948379407,51,9.38728186,13,0,0,0,0.740066699,12,268,143,Avoiding Anxiety During the COVID-19 Outbreak.mp4,TRUE,TRUE,FALSE,19.54272727,1,22,20,3,0,1,122,2,0.007882328,0.000774157,0,0,1070,255726,0,327,0.3244428423,0.4472135955,0.07106690545
Mtev28BjTZw.mp4,1,1,1,1,1,1,1,1,1,1,0.965074892,43,21.22017918,8,1,0.335758239,0,0.895969331,9,293,174,who are Higher Risk for Severe Illness from COVID-19  Symptoms and severity  easy Explained.mp4,TRUE,TRUE,FALSE,10.65795455,4,88,48,1,0,13,122,0,0.037914692,0,0,0,7920,1576416,0,223,0,0.3333333333,0.1272283395
zME-84Vwjuo.mp4,1,1,1,1,0,0,1,0,1,1,0.924548507,34,6.608040293,15,2,0.437011957,0,0.856886652,6,182,130,COVID-19: An introduction.mp4,TRUE,TRUE,FALSE,11.63923077,3,39,33,2,0,1,122,0,0.005719733,0,0,0,99000,26304719,0,404,0.2264554068,0.5,0.1148969979
Ca7lWoSDkKY.mp4,0,0,0,1,0,0,1,0,1,1,0.864947075,63,9.105160649,19,5,0.449229026,0,0.828406882,12,344,204,Learning shifts online as schools remain closed amid COVID-19.mp4,TRUE,TRUE,FALSE,20.85639456,3,98,76,5,0,13,122,1,0.004851108,0.001194119,0,0,875000,467761868,0,16808,0.08084520835,0,0.05679618342
XTz5312DfIE.mp4,0,0,0,1,0,0,1,0,1,1,0.871332139,58,9.337415049,16,5,0.528688347,0,0.827983606,7,309,210,How seniorsæè«æ_èª£__æè«èª£é· homes prepare for coronavirus outbreak.mp4,TRUE,TRUE,FALSE,21.08371795,3,104,76,3,0,12,122,1,0.004944054,0.001691387,0,0,875000,467791879,0,16808,0.1889822365,0,0.05590169944
KhGNzPRsCO0.mp4,0,0,0,1,0,0,1,0,1,0,0.864036325,107,4.637866667,30,21,0.648132069,0,0.848993313,12,450,220,How the NBA is preparing for a possible COVID-19 outbreak.mp4,TRUE,TRUE,FALSE,32.89424561,3,190,108,2,0,23,123,0,0.00532362,0.002129448,52,0,2340000,1136658075,0,18003,0.1390096094,0.4082482905,0.05555555556
8UM_Ykh_7FU.mp4,0,0,1,1,0,0,1,0,1,1,0.942146226,57,16.76546763,10,3,0.42484351,0,0.71747086,8,278,171,Johns Hopkins Medical Imaging Covid-19 Prevention and Safety Precautions.mp4,TRUE,TRUE,FALSE,12.88197279,3,49,44,2,0,8,126,0,0.007399186,0.000369959,0,0,204000,48017870,0,2995,0.123091491,0,0.06225728064
rUiSetIuQAU.mp4,1,1,1,1,1,1,1,1,1,1,0.92902593,50,9.761711682,17,8,0.658792589,0,0.828110743,11,355,192,COVID-19 UK: Will lockdown in England be longer than in other European countries.mp4,TRUE,TRUE,FALSE,21.88863636,4,165,114,5,0,16,127,1,0.00574174,0.005636868,817,0,2830000,1277054725,0,14844,0.09053574604,0.3333333333,0.05997601439
zr5uN32mkhU.mp4,1,1,1,1,1,0,1,1,1,1,0.911114658,46,10.581841,10,5,0.356812739,0,0.842827946,6,239,139,4 phases of COVID-19 vaccine clinical trials explained  USA TODAY.mp4,TRUE,TRUE,FALSE,11.13409091,5,88,70,3,0,7,127,0,0.006860791,0.003145264,1065,0,1820000,1232318773,0,15161,0.2,0.4714045208,0.07035975447
tt9PqYkFcVw.mp4,0,0,0,1,0,0,1,0,0,1,0.8089204,60,7.043825558,17,17,0.679828058,0,0.612526618,7,290,148,CDC: US should have enough Covid-19 vaccine to return to 'regular life' by third quarter of 2021.mp4,TRUE,TRUE,FALSE,16.78470468,27,797,361,12,0,106,127,3,0.006122792,0.008728373,1577,0,1030000,567249566,0,52302,0.06689000621,0.1961161351,0.06741998625
g8rkSG62OiQ.mp4,0,0,1,1,0,0,1,0,1,1,0.893785001,47,15.7999639,10,2,0.338633776,0,0.713930678,7,277,189,COVID-19: US Declares Public Health Emergency  TODAY.mp4,TRUE,TRUE,FALSE,10.9183167,9,167,99,2,0,18,127,1,0.010889681,0.000610333,4511,0,2570000,1796550762,0,16024,0.2013468166,0.3535533906,0.09396819715
xYjicqjVbbg.mp4,0,0,1,1,0,0,1,0,1,1,0.898623428,41,4.570412437,16,0,0,0,0.632688982,7,197,126,What it's like being a Community Health Worker during COVID-19.mp4,TRUE,TRUE,FALSE,18.91054726,3,67,50,3,0,6,127,0,0,0,0,0,0,1596242,0,250,0.09491579958,0,0.1223980123
EdttUv_lvcM.mp4,1,1,1,1,0,1,1,0,1,1,0.987442726,47,9.359464918,17,7,0.467445523,0,0.840890837,11,332,204,Preparing for your COVID-19 Test  CVS Pharmacy.mp4,TRUE,TRUE,FALSE,17.98918919,3,111,75,2,0,17,127,0,0.001587921,0.000178183,59,0,3320,11213954,0,124,0.1414213562,0.4472135955,0.05488212999
TRJLshgHuvQ.mp4,0,0,0,1,0,0,1,0,0,1,0.913509735,94,7.32608402,21,2,0.510024756,0,0.830316281,12,416,191,Understanding different COVID-19 tests.mp4,TRUE,TRUE,FALSE,20.41413793,2,29,27,3,0,5,127,0,0.005743558,0.000776156,1,0,88600,47356115,0,10712,0,0.5,0.05954913342
SBbxqOw3eH0.mp4,0,0,0,1,0,0,1,0,1,1,0.882021515,53,18.27670846,10,3,0.549221635,1,0.88641875,11,319,199,COVID-19 symptoms show a distinct order.mp4,TRUE,TRUE,FALSE,11.73798592,20,355,226,9,1,55,128,3,0.006955862,0.00025294,13,0,426000,197775534,0,115871,0.105999788,0.632455532,0.09396819715
OcwSWkbuC1I.mp4,0,0,0,1,0,0,1,0,0,1,0.872945875,31,0.092268856,24,8,0.606684398,0,0.616099845,6,137,96,Get tested for COVID-19 Its free and its easy to do.mp4,TRUE,TRUE,FALSE,3.766363636,1,11,11,0,0,1,129,0,0.005412498,0.001148106,38,0,0,212710,0,57,0.4714045208,0.377964473,0.08391813583
IiEE2Tdx_cU.mp4,0,0,0,1,0,0,1,0,1,1,0.87119349,54,17.22085423,11,7,0.372226494,0,0.876858759,10,348,218,What does it mean to prepare for an outbreak.mp4,TRUE,TRUE,FALSE,14.35252688,3,62,48,2,0,6,129,2,0.008514612,0.001483191,49,0,1490000,762976316,0,16555,0.1474419562,0,0.08804509063
Mzs8J31v8sw.mp4,1,1,1,1,0,1,1,0,1,1,0.929070899,73,15.39215356,12,2,0.474350229,0,0.891509068,9,356,193,Managing return-to-work anxiety.mp4,TRUE,TRUE,FALSE,10.5572549,3,34,32,3,0,6,132,0,0.0075956,0.004976427,0,0,8300,20544079,0,1193,0.2886751346,0,0.05872202195
wQ_gm1d17R4.mp4,1,0,1,1,0,1,1,0,1,1,0.842089728,89,7.820285714,20,2,0.373895645,1,0.868354897,16,420,204,Chicago woman describes COVID-19 diagnosis.mp4,TRUE,TRUE,FALSE,9.941818182,2,33,30,2,0,5,133,0,0.006639399,0.000627794,181,0,152000,188048782,0,9561,0.3086066999,0.4472135955,0.05607721541
JRGJ5m3VHXo.mp4,1,1,1,0,1,1,0,1,1,1,0.989250026,73,14.30211864,12,2,0.339531168,0,0.647277304,10,354,193,COVID-19: Tips for Getting Good Sleep.mp4,TRUE,TRUE,FALSE,12.16666667,4,72,60,5,0,10,133,1,0.008097166,0.000706895,0,0,19700,5916964,0,746,0.2641352719,0.4082482905,0.0958926603
rVBbosPxJ_g.mp4,1,1,1,1,0,1,1,0,1,1,0.884765792,64,12.57995144,17,1,0.672906101,0,0.843343536,8,424,217,CDC announces 6 new COVID-19 symptoms.mp4,TRUE,TRUE,FALSE,13.48961538,1,26,24,2,0,2,134,1,0.020408163,0.007653061,2,0,61800,82847643,0,109795,0.1666666667,0.4082482905,0.08804509063
OSie2SsVXqQ.mp4,1,1,1,1,0,1,1,0,1,1,0.901201882,54,9.529690767,16,3,0.574506034,0,0.587529689,8,287,169,Taking Care of Your Daily Health During COVID -19.mp4,TRUE,TRUE,FALSE,13.12,2,44,40,4,0,4,134,1,0.001800574,0.000170325,0,0,487000,361776459,0,4125,0.2264554068,0,0.0625
DrCHFJpoxes.mp4,1,1,1,1,1,1,1,0,1,1,0.927970893,82,8.782249713,17,2,0.353900045,0,0.692405283,6,359,189,Whatæè«æ_èª£__æè«èª£é·s the best way to recover from COVID-19.mp4,TRUE,TRUE,FALSE,8.893461538,5,78,68,4,0,8,135,1,0.011881857,0.000236287,71,0,60100,20544993,0,1745,0.2132007164,0,0.05997601439
EYCVYcbgCGc.mp4,1,0,1,1,1,1,1,0,1,1,0.89483586,34,17.60803949,9,3,0.638305883,0,0.539814647,7,242,158,COVID-19 Preventing transmission - Environmental cleaning.mp4,TRUE,TRUE,FALSE,17.16333333,3,62,52,2,0,4,136,0,0.003638569,0,0,0,24200,5651252,0,1764,0.1951800146,0.5773502692,0.05248638811
BTx1vELv7zU.mp4,1,1,1,1,1,1,1,0,0,1,0.986044222,38,14.80532042,9,3,0.585343838,0,0.55405727,3,241,152,COVID-19: Managing Anxiety and Stress.mp4,TRUE,TRUE,FALSE,17.25461187,3,73,65,4,0,8,136,1,0.005924742,0.000528995,0,0,487000,361767857,0,4125,0.2324952775,0.4472135955,0.1032795559
d554SXwdTRA.mp4,1,1,0,1,1,0,1,1,0,1,0.920402057,54,15.09746548,11,6,0.418762128,0,0.871542954,11,316,160,Epidemiology Symptoms and Treatment of COVID-19.mp4,TRUE,TRUE,FALSE,21.7792,1,25,24,1,0,2,136,0,0.004021111,0.000628299,0,0,2900,637133,0,1642,0.3015113446,0,0.1076763804
5vs2d4jWeIA.mp4,0,0,0,1,0,1,1,0,1,1,0.794786212,77,10.47546971,17,5,0.574162424,0,0.829780829,11,402,216,US school teachers turn to digital world as COVID-19 bites.mp4,TRUE,TRUE,FALSE,12.42942308,5,104,79,3,0,12,137,1,0.007261999,0.000340406,11,0,6080000,2067869600,0,88641,0.1,0.3535533906,0.05555555556
uLVDBifWbAg.mp4,1,0,0,1,1,1,0,1,1,1,0.956685332,37,6.32174359,13,7,0.516278007,0,0.766534243,4,180,93,Emergency warning signs about coronavirus disease COVID 19.mp4,TRUE,TRUE,FALSE,12.78068966,2,29,26,2,0,4,137,1,0.066666667,0,2,0,10,2487,0,251,0.3872983346,0.2182178902,0.06900655593
wrxcjvlGVbI.mp4,0,0,0,1,0,1,0,1,1,1,0.960010688,52,10.89491071,15,3,0.426643272,0,0.868178535,8,336,198,Mental Health Resources During COVID-19 - Community Howard.mp4,TRUE,TRUE,FALSE,12.59078431,6,119,91,3,0,15,137,1,0.01344086,0,0,0,2770,2466049,0,1490,0.1400280084,0.3535533906,0.09304842104
I0TmBsHaGmI.mp4,1,1,0,1,1,1,1,1,1,1,0.923083927,39,15.49336957,10,2,0.538456202,1,0.594128236,9,276,171,Coronavirus SARS-CoV-2 structure.mp4,TRUE,TRUE,FALSE,16.69139483,14,381,241,5,0,44,137,7,0.009231571,0.000369795,442,0,11900,1712356,0,43,0.1066003582,0,0.06154574549
OHfMUxOQNME.mp4,1,0,1,1,0,0,0,0,0,1,0.910076148,22,3.326626506,5,1,0.740294516,0,0.445058778,4,83,64,Community Health Network COVID patients released.mp4,TRUE,TRUE,FALSE,11.12,2,36,33,4,0,4,138,1,0.012622721,0.001402525,0,0,2770,2466154,0,1490,0.1924500897,0.2357022604,0.09622504486
tjWK4SQx59U.mp4,0,0,0,1,0,0,1,0,1,1,0.973053442,61,10.31092105,19,5,0.445510352,0,0.575081936,8,356,208,US CDC tells states to prep for COVID-19 vaccine distribution  US Top news  WION.mp4,TRUE,TRUE,FALSE,12.56340164,10,244,158,7,0,24,138,1,0.022436548,0.001827411,41,0,1840000,652300805,0,50400,0.1643989873,0.4264014327,0.05504818826
e_Fc6sRPLJw.mp4,1,0,1,1,0,1,1,0,1,1,0.925005162,88,7.135912847,23,15,0.472109663,1,0.837289912,15,442,244,You Gotta Fight': Patient Zero in Connecticut on Recovering from COVID-19  NBC New York.mp4,TRUE,TRUE,FALSE,12.16666667,1,18,18,2,0,1,138,1,0.006656172,0.000402108,207,0,220000,115945400,0,4200,0.3922322703,0.2672612419,0.05212860351
9xXdF2CIHbc.mp4,0,0,0,1,0,0,1,0,1,1,0.896822973,56,11.98199273,17,2,0.392070487,0,0.896068358,11,356,214,CDC lists new symptoms and warning signs for COVID-19.mp4,TRUE,TRUE,FALSE,17.10130435,1,23,22,2,0,2,138,0,0.004479083,0.000806235,57,0,107000,79184947,0,54561,0.3535533906,0.2672612419,0.08908708064
y76xQkQrFoM.mp4,0,0,0,1,0,1,1,0,1,1,0.915420838,72,19.19678571,10,2,0.387513638,0,0.729135325,9,392,209,Arkansas officials preparing for 'likely' coronavirus outbreak in US.mp4,TRUE,TRUE,FALSE,2.433333333,2,18,18,0,0,2,139,1,0.007272727,0.001818182,2,0,18400,11169142,0,4435,0.2041241452,0.25,0.0915737093
KYWEZiSAXQA.mp4,0,0,1,0,0,1,1,0,1,1,0.938371399,51,12.62163176,15,12,0.613928313,0,0.876876007,11,382,220,How COVID-19 will impact the UK economy compared to other countries.mp4,TRUE,TRUE,FALSE,24.08552326,4,172,124,5,0,15,139,1,0.003112336,0.004109035,353,0,2830000,1277054725,0,14844,0.1678362717,0.5345224838,0.05255883312
qTrY3lJwxQk.mp4,1,0,1,1,0,1,1,0,1,1,0.939778845,57,14.11658696,13,3,0.468393753,0,0.855869424,8,341,196,COVID-19: Singapore begins distributing TraceTogether tokens to enhance contact tracing.mp4,TRUE,TRUE,FALSE,18.12037037,3,81,56,2,0,8,139,0,0.00266583,0.003293085,305,0,1120000,435492664,0,17347,0.3061862178,0.3651483717,0.09690031662
xsLE6omC_5k.mp4,1,0,0,1,1,1,1,0,1,1,0.884416861,56,15.41344948,14,0,0,0,0.751913212,12,369,207,Coronavirus Pandemic: Heart patients at higher risk for severe illnesses.mp4,TRUE,TRUE,FALSE,14.905,1,24,22,2,0,4,141,1,0.010526316,0,0,0,18000,10516002,0,9122,0.1825741858,0.3333333333,0.05521576304
bRfAUGMKlnk.mp4,1,1,1,1,1,1,1,1,1,1,0.899933927,64,18.68491329,10,0,0,0,0.897502673,8,346,212,Smoking Vaping Increase COVID-19 Risk.mp4,TRUE,TRUE,FALSE,15.83220339,2,59,40,1,0,8,141,0,0.008840075,0.005625502,45,0,224000,112408366,0,28478,0.1474419562,0.4472135955,0.07856742013
qb7shu_sdQ0.mp4,1,1,0,1,1,1,1,1,1,1,0.936289195,31,20.63822699,7,2,0.349566728,0,0.666519662,2,253,155,COVID-19: Are You at Higher Risk for Severe Illness.mp4,TRUE,TRUE,FALSE,9.025151515,3,44,41,3,0,5,141,0,0.00373495,0.000835292,0,0,487000,361767857,0,4125,0.3,0.3535533906,0.1020620726
nTpdlwa9rLE.mp4,1,1,1,1,0,1,1,0,1,1,0.985073025,79,7.967830454,19,15,0.481448297,0,0.866985758,11,393,202,My Experience with COVID-19  WebMD.mp4,TRUE,TRUE,FALSE,18.54945578,3,98,71,4,0,12,141,0,0.006486771,0.00142828,261,0,100000,27940477,0,1533,0.2294157339,0.5,0.05773502692
wgKuhGi1eJY.mp4,0,0,0,1,0,0,1,0,1,1,0.996120787,70,12.59609473,15,5,0.640389264,0,0.857906318,12,373,184,Who is Most At-Risk for Coronavirus COVID-19  McFarland Clinic.mp4,TRUE,TRUE,FALSE,13.13734375,4,64,53,4,0,9,141,1,0.005780487,0.00043535,0,0,1560,839347,0,348,0.1290994449,0.377964473,0.1016657136
OiW2LurRKxQ.mp4,1,1,1,1,0,1,1,0,1,1,0.961119676,66,9.526312183,18,5,0.523080415,0,0.604107015,11,373,176,Halloween and COVID-19: Tips for Staying Safe.mp4,TRUE,TRUE,FALSE,18.455,4,93,68,3,0,8,142,2,0.00722794,0.00115647,75,0,29500,5649443,0,378,0.2085144141,0.4082482905,0.0625
auISvRDHo3g.mp4,1,1,1,1,1,1,1,1,1,1,0.953680678,88,17.43432551,13,10,0.518989444,0,0.72280242,11,475,214,COVID-19 and Children.mp4,TRUE,TRUE,FALSE,12.772,2,20,18,2,0,1,143,4,0.005250793,0.000622736,0,0,122000,52130859,0,500,0.3333333333,0.7071067812,0.05716619505
6n9ZsHSc4YA.mp4,1,1,1,1,0,1,1,0,1,1,0.883700018,62,15.48,11,15,0.690682574,0,0.740038233,11,363,193,Singapore's new COVID-19 contact-tracing app TraceTogether: How it works.mp4,TRUE,TRUE,FALSE,18.37967742,3,93,62,2,0,9,145,1,0.005874198,0.00122525,212,0,1120000,435435415,0,17346,0.25,0.316227766,0.0585205736
ZNAONc3wqCo.mp4,1,0,1,1,0,1,1,0,1,1,0.968677433,87,9.132464789,20,6,0.527095139,0,0.836224718,13,426,224,Patients With COVID-19 Experience Different Symptoms.mp4,TRUE,TRUE,FALSE,13.50489796,4,98,59,5,0,6,145,1,0.003568394,0,1,0,30900,19350557,0,1957,0.1031421246,0.4082482905,0.05455447256
yuXzAh4slNw.mp4,1,1,1,1,0,1,1,0,1,1,0.864142047,43,12.31934406,16,2,0.351449057,0,0.776164746,8,303,167,Smartphone-Assisted Privacy-Preserving COVID-19 Contact Tracing.mp4,TRUE,TRUE,FALSE,17.19458333,3,72,61,4,0,12,145,1,0.006348134,0.004794867,0,0,0,641930,0,80,0.2705008904,0.4472135955,0.1041158413
dExSGsWITEY.mp4,0,0,0,1,0,0,1,0,1,1,0.907331194,63,14.15295775,15,9,0.406958587,0,0.893624568,7,426,228,New tool helps calculate risk factors for developing severe illness from COVID-19.mp4,TRUE,TRUE,FALSE,14.43913043,1,23,20,2,0,2,146,2,0.005102041,0.008796622,103,0,222000,179174539,0,54281,0.4200840252,0.3651483717,0.08856148855
yYD1j4VdAJ0.mp4,0,0,0,1,0,0,1,0,1,1,0.876655308,67,15.30479826,14,3,0.594148904,0,0.858454913,12,393,238,COVID-19 outbreak's impact on education institutions around world.mp4,TRUE,TRUE,FALSE,11.76342948,21,421,249,11,0,63,146,4,0.007005301,0.000513902,14,0,426000,197780164,0,115871,0.09829463744,0.5,0.05103103631
dOz80AFKR9s.mp4,0,0,0,1,0,0,1,0,1,1,0.893624568,86,11.51228165,18,5,0.636871558,0,0.841756046,7,430,191,Check Your Health   The role of Community Health Workers in COVID 19 response.mp4,TRUE,FALSE,FALSE,0,0,0,0,0,0,0,148,0,0.074074074,0,0,0,22800,26146618,0,3007,0,0,0.09556369651
PYK8gt0FVfg.mp4,0,0,0,1,0,0,1,0,1,1,0.917947544,61,11.32230198,20,4,0.730654158,0,0.84232589,8,404,257,Battleground states see sharp increases in COVID-19 cases before Election Day.mp4,TRUE,TRUE,FALSE,13.20142857,2,21,20,2,0,3,150,1,0.011029983,0.008078297,152,0,1670000,1288293921,0,28370,0,0.3333333333,0.03984095364
499bYzpQk6E.mp4,1,0,1,1,1,1,1,0,0,1,0.852174138,67,19.67957647,10,7,0.634383304,0,0.882654687,9,425,214,COVID-19: Impact on Caregiver Mental Health and Wellbeing.mp4,TRUE,TRUE,FALSE,10.16676471,5,68,45,1,0,4,151,0,0.007968127,0,0,0,8160,1676296,0,518,0,0.377964473,0.05504818826
pxI82xaEZDA.mp4,1,1,1,1,0,1,1,1,1,1,0.895804729,67,8.768594771,18,1,0.623155057,0,0.87603127,6,374,192,Questions and Answers about RSV COVID-19 symptoms in children - Medical Minute.mp4,TRUE,TRUE,FALSE,11.00457143,2,35,30,2,0,6,152,0,0,0,0,0,2770,1413255,0,1385,0.2886751346,0.4714045208,0.05812381937
dKcZG8dR0Ng.mp4,1,0,0,1,0,1,1,0,1,1,0.924669551,65,14.4784713,14,6,0.502351105,1,0.614081843,12,428,222,Coronavirus vaccine: CDC releases plans to make COVID-19 vaccines free for all in the United States.mp4,TRUE,TRUE,FALSE,19.27385659,6,172,99,3,0,18,153,0,0.005081737,0.005703816,2251,0,443000,124826626,0,9740,0.08333333333,0.4082482905,0.05439282932
Qh1vq66ZqPw.mp4,0,0,0,1,0,0,1,0,1,0,0.893952848,76,12.04185931,19,0,0,0,0.79251036,13,413,245,Michigan colleges preparing for coronavirus outbreak.mp4,TRUE,TRUE,FALSE,12.12,1,20,18,1,0,4,153,22,0.006845564,0.000958379,23,0,406000,435276348,0,89227,0.2132007164,0,0.05037927219
1PrlxKPk6rk.mp4,0,0,0,1,0,1,1,0,0,1,0.896852238,77,8.051100324,24,2,0.658825189,0,0.835483168,10,412,247,The public health detectives working to stop the spread of COVID-19.mp4,TRUE,TRUE,FALSE,19.79092199,3,94,66,3,0,10,154,1,0.008370895,0.00128783,0,0,875000,467718694,0,16808,0.08421519211,0.4082482905,0.08421519211
WNxAz17x1n8.mp4,0,0,0,1,1,0,1,1,0,1,0.967743504,38,12.91904762,12,7,0.497295065,0,0.699496786,5,252,140,Atonu Rabbani about the first WHO global infodemiology conference.mp4,TRUE,TRUE,FALSE,25.88923577,6,205,145,3,0,15,155,1,0.018518519,0,0,0,305,15092,0,102,0.1723454969,0.2672612419,0.1100963765
D6H4YXoauuQ.mp4,0,0,0,1,1,0,1,1,1,1,0.868024549,44,10.97998267,19,4,0.52755937,0,0.675316105,4,334,182,Latest ECDC's Rapid Risk Assessment - what's new  COVID19.mp4,TRUE,TRUE,FALSE,12.07055556,4,81,66,1,0,11,156,0,0.009345794,0.00623053,2,0,2060,247073,0,122,0.174077656,0,0.08543576577
1PLdl6NDGDE.mp4,1,1,1,1,1,1,1,0,1,1,0.949670396,51,9.688928747,22,3,0.367154429,0,0.777285928,6,370,216,COVID-19 Update 3: Symptoms of COVID-19 [New Version in Description].mp4,TRUE,TRUE,FALSE,26.0949938,6,269,173,4,0,21,157,5,0.004526811,0.000399828,2633,0,86600,10148473,0,361,0.1280368799,0.3015113446,0.05345224838
9pVy8sRC440.mp4,1,0,0,1,1,1,1,0,1,1,0.878587508,57,64.17017406,3,7,0.450014953,0,0.644459077,8,383,169,How COVID-19 Can Spread in a Community.mp4,TRUE,TRUE,FALSE,27.64245283,1,53,48,2,0,5,157,0,0.005447,0.000427501,2,0,487000,361767857,0,4125,0.2309401077,0.4472135955,0.06063390626
bVA8EPrTc1c.mp4,1,1,1,1,1,1,1,1,1,1,0.918553538,46,9.092675439,15,2,0.385869265,0,0.608542889,15,304,157,How Risky Is Aerosol Transmission of Covid-19.mp4,TRUE,TRUE,FALSE,19.51720635,21,675,379,9,0,99,158,11,0.009526136,0.001465559,11,0,664000,387978754,0,11683,0.03965257929,0,0.06565321643
MycbSc8KxFU.mp4,1,1,1,1,0,1,1,0,1,1,0.964528599,96,7.076658792,26,2,0.437498793,0,0.852363726,18,521,246,4 Tips to Fly Safely - COVID-19.mp4,TRUE,TRUE,FALSE,8.110714286,1,14,14,2,0,1,158,0,0.023921452,0.000714073,67,0,51600,9509479,0,59,0.4472135955,0,0.05143444999
wkDVfGrJUPM.mp4,0,0,0,1,0,0,1,0,1,1,0.886873212,87,9.657341424,24,2,0.830614984,0,0.835370992,23,515,256,FDA permits AstraZeneca to restart US phase 3 Covid-19 vaccine trial: Report.mp4,TRUE,TRUE,FALSE,15.25080233,8,215,127,4,0,27,158,0,0.007402838,0.002159161,53,0,1030000,567483597,0,52317,0.07537783614,0.2041241452,0.08247860988
fEtieV_9vJM.mp4,1,1,1,1,0,1,1,0,1,1,0.888472605,71,10.76981292,19,4,0.470520407,0,0.849548429,8,422,244,How to take care of your mental health during Covid-19.mp4,TRUE,TRUE,FALSE,15.85947368,19,475,273,6,0,71,159,5,0.017145306,0.007715388,19,0,1030000,567249566,0,52304,0.07856742013,0.4714045208,0.08377078166
9csvnEpeSrI.mp4,1,1,1,1,0,1,1,0,1,1,0.933606786,66,7.399970149,25,3,0.4077832,0,0.48020054,9,335,196,COV-Ed: The Importance of Physical Distancing During the COVID-19 Pandemic.mp4,TRUE,TRUE,FALSE,12.9535088,37,631,364,8,0,38,160,2,0.00572531,0.000280042,27,0,126000,6249772,0,85,0.09534625892,0.3333333333,0.05754353376
QJoHdavi1cY.mp4,0,0,0,1,0,1,1,0,1,1,0.896749921,73,7.221428571,27,1,0.467472643,0,0.849073599,10,441,277,New COVID-19 Symptom Can Cause Inflammation in Children.mp4,TRUE,TRUE,FALSE,15.38586345,3,83,73,3,0,15,162,0,0.010617045,0.000458613,1089,0,8110000,12813600577,0,21203,0.1924500897,0.377964473,0.04703604342
ael_7z9eYqc.mp4,0,0,0,1,1,0,1,1,1,1,0.93945043,85,8.867971078,28,5,0.623787957,0,0.834136148,13,489,276,The latest on treatments for severe COVID-19 cases.mp4,TRUE,TRUE,FALSE,12.475,1,16,15,2,0,2,162,0,0.010565742,0.002012522,166,0,10300000,8558869420,0,56016,0,0.4714045208,0.04778184826
677pSwGauqs.mp4,1,1,1,1,1,1,1,1,1,1,0.931220156,85,12.93580396,16,2,0.342908293,0,0.73597524,12,454,204,Five things to know about COVID-19 transmission.mp4,TRUE,TRUE,FALSE,9.058322981,10,161,99,6,0,26,162,4,0.006213516,0.001099225,149,0,633000,59754681,0,1734,0.1212678125,0.4472135955,0.05754353376
GLAkF_T9Xgc.mp4,1,0,0,1,0,0,1,0,0,1,0.832244068,128,3.278340632,34,1,0.54225862,0,0.716079473,14,497,212,Andy Cohen on His COVID-19 Diagnosis and Having to Quarantine From His Son.mp4,TRUE,TRUE,FALSE,15.51893471,3,97,73,3,0,9,164,1,0.012263453,0.000860858,62,0,1060000,566814425,0,1453,0.1162476387,0.3333333333,0.0564332648
egLiksDSPWE.mp4,1,1,1,1,1,1,1,1,0,1,0.807501717,92,11.03001491,23,5,0.665188992,1,0.750955071,13,525,254,Doctor explores new data about COVID-19 surface transmission.mp4,TRUE,TRUE,FALSE,14.9425,2,56,44,1,0,5,164,0,0.005353319,0,1,0,92800,92356248,0,45933,0,0.377964473,0.0496291667
1lJ1PACtmpQ.mp4,0,0,0,1,0,0,1,1,1,1,0.975668738,75,11.22964798,19,1,0.568364143,0,0.851011833,10,462,239,COVID-19: UK only buying enough vaccines to protect the most vulnerable.mp4,TRUE,TRUE,FALSE,20.09743421,4,152,106,2,0,14,165,0,0.004040395,0.005695411,2466,0,2830000,1278001791,0,14845,0.09622504486,0.3535533906,0.07293249575
m7DvF13QBvA.mp4,1,1,1,1,1,1,1,1,1,1,0.968559664,45,13.82705167,14,10,0.545080245,0,0.871817344,8,329,162,Contact tracing æè«æ_èª£__èª£_èª£é¿ Why is extremely important to identify COVID-19 infected individuals.mp4,TRUE,TRUE,FALSE,18.25856283,11,272,162,6,0,35,166,12,0.013283153,0.005091875,9,0,319000,25245961,0,748,0.159448201,0.3333333333,0.1054092553
Gnve311oahs.mp4,1,1,1,1,0,1,1,0,1,1,0.962746533,105,8.732164484,26,14,0.640272768,0,0.829505963,10,564,239,How to sort out symptoms of COVID-19 from other viruses as cold and flu season approaches.mp4,TRUE,TRUE,FALSE,7.533076923,2,26,25,3,0,5,167,1,0.006556517,0.000917912,32,0,1670000,1288181001,0,28370,0.3086066999,0.4714045208,0.08466675133
amQpyk3yrtI.mp4,0,0,0,1,0,0,1,0,1,0,0.910048745,103,7.080456389,29,3,0.409345329,0,0.861406309,15,510,271,Kim DeGiulio shares her COVID-19 experience.mp4,TRUE,TRUE,FALSE,6.2325,1,20,18,2,0,4,167,2,0.002970803,0.008092342,358,0,222000,179138627,0,54274,0,0.4472135955,0.08084520835
Iyy83bYicqQ.mp4,1,1,1,1,1,1,1,1,1,1,0.996370818,100,11.71614228,20,1,0.522627294,0,0.618680455,12,499,228,Transmission of COVID-19.mp4,TRUE,TRUE,FALSE,13.56315789,2,19,16,2,0,0,167,1,0.008212727,0.00068918,0,0,39200,901114,0,26,0.4082482905,0,0.05270462767
T-1-mlAGu1Y.mp4,0,0,0,1,0,1,1,0,0,1,0.956479933,91,4.181408142,23,7,0.53353795,0,0.650724199,9,377,194,Coronavirus: When your child's in intensive care with Covid-19 - BBC News.mp4,TRUE,TRUE,FALSE,11.68824324,4,74,68,4,0,9,168,3,0.010766591,0.001704318,0,0,8620000,2152200073,0,12581,0,0,0.05997601439
Z6joGL66cbQ.mp4,0,0,0,1,1,1,1,0,1,1,0.870934252,60,1.637142857,28,5,0.507999521,0,0.845183627,10,314,170,A child's guide to hospital: COVID - 19 Test.mp4,TRUE,TRUE,FALSE,0.769090909,1,11,10,0,0,1,168,0,0.006206672,0.000624403,0,0,78100,51958514,0,180,0.25,0,0.06178020632
5hu7_xIsCRg.mp4,1,1,1,1,1,1,1,1,1,1,0.894302614,56,16.24087601,14,3,0.42883262,0,0.859013796,9,424,201,An Introduction to COVID-19 Tests.mp4,TRUE,TRUE,FALSE,8.9425,3,48,42,5,0,7,168,0,0,0,0,0,63000,13509297,0,1188,0,0.5,0.05754353376
QfL2sespLnY.mp4,0,0,1,1,0,0,1,0,0,1,0.861398608,89,13.25207613,16,18,0.559036901,0,0.871485392,12,463,205,Coronavirus prevention: Dr Fauci discusses preventing COVID-19 and vaccine development.mp4,TRUE,TRUE,FALSE,19.57134438,6,181,108,2,0,19,169,0,0.006106755,0.009424005,503,0,443000,124826626,0,9740,0.1104315261,0.4472135955,0.05754353376
JX1oEo4gWEI.mp4,1,1,0,1,1,1,1,1,1,1,0.906895071,89,17.4035503,15,3,0.434461723,0,0.84195148,14,507,243,How Might the Coronavirus Affect Kids With Chronic Illness.mp4,TRUE,TRUE,FALSE,12.41243289,8,149,110,4,0,16,173,6,0.005836576,0.000486381,3,0,54400,24302149,0,783,0.1986798536,0,0.0749531689
wbnFecqUS30.mp4,1,0,1,1,0,1,1,0,0,1,0.867254113,78,11.37847015,16,5,0.429184753,0,0.72989732,9,402,201,What is asthma & how does COVID-19 affect it.mp4,TRUE,TRUE,FALSE,13.6525,1,16,16,1,0,2,173,0,0.003945885,0,3,0,537,119881,0,913,0.3922322703,0.5773502692,0.05773502692
44e12ZVh4Go.mp4,0,0,0,1,0,0,1,0,0,1,0.933697926,94,2.575895118,35,3,0.500040998,0,0.72388421,11,395,203,Being a kid stuck at home during covid-19  Voices from the Pandemic.mp4,TRUE,TRUE,FALSE,14.10216495,5,97,77,3,0,8,173,1,0.004895496,0.001005924,0,0,1490000,762876565,0,16554,0.08512565308,0,0.05792844464
yjpxQHrZLpw.mp4,1,0,0,1,0,1,1,0,0,1,0.972905948,35,10.13465578,11,3,0.389282604,0,0.204422692,10,206,122,Pier Luigi Sacco about the first WHO global infodemiology conference.mp4,TRUE,TRUE,FALSE,26.77949447,6,211,149,3,0,15,174,1,0.023255814,0,0,0,305,15081,0,96,0.1659003791,0.25,0.07332355751
ah45VQ05qzc.mp4,1,1,1,1,1,0,1,1,0,1,0.84966649,59,10.62551754,19,4,0.577231206,0,0.764497966,6,360,211,COVID-19: Precautions for Older Adults.mp4,TRUE,TRUE,FALSE,8.800618212,9,133,98,4,0,18,174,0,0.006817478,0.001239541,4,0,2770,2466154,0,1490,0.1986798536,0.4472135955,0.08779025626
YArNt8SoK9o.mp4,0,0,0,1,0,0,1,0,0,1,0.908413885,71,12.59482109,17,5,0.745914203,0,0.785291672,7,434,211,Covid-19 Testing: ICMR Issues Fresh Guidelines For Rapid Antigen Test.mp4,TRUE,TRUE,FALSE,11.78811224,8,147,107,6,0,14,175,0,0.003365293,0.000412725,11,0,4120000,855682088,0,59923,0.1878672873,0,0.09016696347
NwtBWf9AOI0.mp4,0,0,0,1,0,0,1,0,0,1,0.840646958,18,-1.436282051,20,9,0.701578203,0,0.540531831,3,117,80,What's it like to take a COVID-19 test.mp4,TRUE,TRUE,FALSE,19.14095238,2,63,48,1,0,2,177,0,0.005697233,0,4,0,200,89000,0,239,0.242535625,0.4082482905,0.09622504486
TN6OxwircK4.mp4,0,0,0,1,0,0,1,0,0,1,0.873200065,72,16.64715957,16,9,0.688247015,0,0.840071691,12,470,267,FEMA administrator testifies before Congress on natural disaster prep COVID-19 response  EWTN News.mp4,TRUE,TRUE,FALSE,13.37855856,3,37,32,2,0,3,177,1,0.004092769,0,0,0,454000,132926804,0,30849,0.1036951695,0.4264014327,0.04822428222
e5Jlb0jt0Mw.mp4,0,0,0,1,0,0,1,0,1,1,0.894466591,114,6.911272717,31,5,0.428793186,1,0.893904822,12,568,271,Detroit lawyer diagnosed with COVID-19 shares his experience & symptoms.mp4,TRUE,TRUE,FALSE,10.15285714,2,42,38,4,0,9,178,1,0.003964098,0.000444429,292,0,406000,435276348,0,89227,0.2407717062,0.5,0.07968190729
ZNpsM3McTXs.mp4,1,0,1,1,1,1,1,1,1,1,0.914725722,88,14.81031008,18,5,0.598544449,0,0.849992165,9,516,302,COVID-19 vaccine trial begins testing children  WNT.mp4,TRUE,TRUE,FALSE,9.971474359,3,52,40,2,0,5,179,0,0.008567011,0.006143174,403,0,10300000,8556072322,0,56016,0.2390457219,0.5345224838,0.04508348173
8z9BsKpCJY0.mp4,1,1,1,1,1,1,1,1,1,1,0.854294776,86,5.270016611,28,4,0.642090611,0,0.805873448,10,387,200,What is the coronavirus Prevention and Advice for Kids - COVID-19.mp4,TRUE,TRUE,FALSE,9.410516717,14,235,153,5,0,38,179,7,0.014603125,0.001256183,0,0,173000,35069879,0,458,0.1601281538,0,0.05773502692
vj7OjdpQduY.mp4,1,0,1,1,1,1,1,1,1,1,0.894919173,123,7.236571429,32,12,0.668551952,0,0.8721334,12,560,278,The safety and efficacy for Covid-19 vaccine has never been higher it looks promising: Dr Francis.mp4,TRUE,TRUE,FALSE,21.85989691,5,194,111,2,0,25,180,0,0.006810213,0.007282208,425,0,1030000,567483597,0,52312,0.08276058886,0.2041241452,0.04833682445
BU2Ogt_BCxQ.mp4,1,0,1,1,1,1,1,1,0,1,0.853669068,86,9.130173913,23,3,0.700836559,0,0.818353891,10,460,220,NYU Langone Begins US Clinical Trial for COVID-19 Vaccine.mp4,TRUE,TRUE,FALSE,21.01021097,3,79,52,3,0,6,180,0,0.008379888,0.002172564,8,0,52500,30666192,0,981,0.2581988897,0.3535533906,0.05555555556
IMXgcI1q2fs.mp4,1,1,1,1,0,1,1,0,1,1,0.885051122,104,7.805072186,31,3,0.54311495,0,0.862177603,13,572,268,New York Rolls Out New COVID-19 Quarantine Rules  NBC New York Coronavirus Update.mp4,TRUE,TRUE,FALSE,9.187316248,11,188,135,7,0,21,182,3,0.002348704,0.004472292,569,0,220000,115933727,0,4199,0,0.316227766,0.0489115988
FMAQvA1dB_Y.mp4,1,0,1,1,0,1,1,0,0,1,0.90626539,123,4.218524096,40,6,0.467613389,0,0.737923852,14,581,265,Coronavirus: how the COVID-19 test works  7NEWS.mp4,TRUE,TRUE,FALSE,19.01358491,2,53,40,2,0,3,182,0,0.003863244,0.00036307,971,0,319000,100277041,0,9467,0,0.5773502692,0.0496291667
m9vvkfRx_Mc.mp4,0,0,0,1,0,0,1,0,0,1,0.937708663,108,10.86296315,26,4,0.523475602,0,0.715447869,14,595,271,Coronavirus: Moderna sets up to distribute vaccine United to offer COVID-19 tests on London flights.mp4,TRUE,TRUE,FALSE,20.58101754,6,190,111,3,0,25,182,1,0.003899548,0.002090158,117,0,443000,124826626,0,9740,0.1533929978,0.4082482905,0.07949286335
GwFmk6PgmqI.mp4,1,1,1,1,0,1,1,1,1,1,0.917284158,87,4.437990476,21,2,0.44828096,0,0.655291114,11,350,168,COVID-19 Patients Describe Experience of The Disease  NowThis.mp4,TRUE,TRUE,FALSE,12.36171311,15,323,190,4,0,44,183,6,0.005649689,0.00039751,1151,0,1240000,742943180,0,8142,0.141895131,0.377964473,0.06375767131
TXSKQzJptDI.mp4,0,1,1,0,0,0,1,0,0,1,0.872519823,116,12.11140372,22,2,0.348292768,0,0.878043924,11,601,267,How to take a COVID-19 PCR swab test  VIVA Skin Clinics.mp4,TRUE,TRUE,FALSE,15.19337757,11,274,166,5,0,44,183,3,0.00156992,0.001056761,104,0,6490,1498152,0,55,0.1203858531,0.4714045208,0.0800640769
R8KFjSbbmsg.mp4,1,0,1,1,0,1,1,1,1,1,0.841968347,75,9.536163265,25,3,0.824649096,0,0.845405936,10,490,279,Coronavirus in Kids: NYC Hospital Sees Spike in Rare Kawasaki Syndrome Amid Pandemic  NBC New York.mp4,TRUE,TRUE,FALSE,15.69335521,9,254,156,8,0,43,183,0,0.004500048,0.001643635,859,0,220000,115945400,0,4200,0.1561737619,0,0.07680953726
NQTBlbx1Xjs.mp4,0,0,0,0,1,1,1,1,0,1,0.834831925,116,13.95824324,20,18,0.594713291,0,0.823302175,12,555,216,WHO Says Covid-19 Asymptomatic Transmission Is æè«æ_èª£__èª£_æé·Very Rareæè«æ_èª£__æè«èª£é·.mp4,TRUE,TRUE,FALSE,11.56585366,2,41,39,2,0,6,184,1,0.007973411,0.001059745,1558,0,820000,176672179,0,23417,0.125,0,0.09215513552
5sGMNERdvCI.mp4,1,1,1,1,0,1,1,0,1,1,0.974098657,76,13.00375276,19,6,0.494021515,0,0.862083171,11,476,251,Tips for COVID-19 prevention at workplace  Answer Bank.mp4,TRUE,TRUE,FALSE,21.06819209,3,118,85,3,0,5,184,1,0.006612075,0.000457759,27,0,1930000,1251897668,0,89032,0.127000127,0.5773502692,0.08084520835
0MjsEvN3VOs.mp4,0,0,0,0,0,0,1,1,0,1,0.775605389,58,6.052001682,29,5,0.668762136,0,0.797588067,8,328,179,How does COVID-19 affect the brain.mp4,TRUE,TRUE,FALSE,10.27443089,6,82,60,2,0,14,185,1,0.009174312,0,0,0,869,766649,0,643,0.2208630521,0.7071067812,0.09690031662
0DWCpNffhyw.mp4,1,1,1,1,0,1,1,0,1,1,0.882278342,73,4.977849162,25,7,0.621417139,0,0.766729185,10,358,188,COV-Ed 4 Kids.mp4,TRUE,TRUE,FALSE,17.04476395,10,233,175,4,0,24,186,2,0.008462495,0.000424641,0,0,126000,6250380,0,85,0.09274777915,0,0
ZvLFz1KSYMA.mp4,1,1,1,1,0,1,1,0,1,1,0.873284078,51,6.619429207,19,2,0.727153331,0,0.627824977,10,355,199,How Community Spread Happens Fast - Coronavirus (COVID-19) Updated 4-7-2020.mp4,TRUE,TRUE,FALSE,20.78571429,2,63,46,4,0,8,187,1,0.006316943,0.000800244,175,0,3550,1064112,0,66,0.2294157339,0.2886751346,0
YjPAG6V65qI.mp4,1,1,1,1,1,1,1,1,0,1,0.819229012,27,2.421792453,20,1,0.371822089,0,0.372340252,3,159,102,Covid 19 Rapid Antibody Test Demo.mp4,TRUE,TRUE,FALSE,12.769375,1,16,16,1,0,2,188,0,0.016058582,0.000385406,14,0,108000,3058134,0,258,0,0,0.123091491
Ha8Yu2fBe08.mp4,0,0,0,1,1,1,1,1,1,1,0.877804113,58,14.89841379,15,0,0,1,0.871616185,15,435,216,COVID-19 IgM/IgG Rapid Test.mp4,TRUE,TRUE,FALSE,23.64444444,1,27,26,2,0,2,191,0,0.002425002,0.000267023,183,0,755,399018,0,7,0.242535625,0.5,0.08582821508
2fknMwWlgRA.mp4,1,0,0,1,0,1,1,0,1,1,0.848530143,109,10.913236,23,11,0.6914301,0,0.859542921,11,542,268,NYC Child Dies From Inflammatory Syndrome Likely Linked To COVID-19  NBC New York.mp4,TRUE,TRUE,FALSE,15.14705882,6,153,100,6,0,22,191,2,0.007584352,0.000680647,368,0,220000,115945400,0,4200,0.1655211777,0.2773500981,0.07930515857
IJlESA8r1_c.mp4,0,0,0,1,0,0,1,0,1,1,0.897121701,54,23.10612338,11,0,0,0,0.726159461,10,420,245,Teaching and Learning THE UP WAY during COVID-19.mp4,TRUE,TRUE,FALSE,14.41666667,2,45,37,2,0,5,192,1,0.033057851,0,0,0,9330,1673127,0,692,0.1889822365,0,0.08104408985
cEbZszl7b4U.mp4,1,0,1,1,0,0,1,0,1,1,0.906339062,103,8.391382712,31,5,0.644766939,0,0.817565657,15,618,285,What to stock up on ahead of 2nd COVID-19 wave l GMA.mp4,TRUE,TRUE,FALSE,21.5053125,2,64,54,2,0,4,193,1,0.016086406,0.002369845,668,0,2190000,1179252778,0,14392,0.0990147543,0.3535533906,0.04672693135
VAC3qTSipNA.mp4,1,0,1,1,1,1,1,1,0,1,0.910372609,96,11.27263966,24,1,0.3505494,0,0.886935268,11,537,280,Children may show COVID-19 symptoms on their feet.mp4,TRUE,TRUE,FALSE,20.08161172,3,91,69,3,0,9,194,0,0.003305128,0.000670966,0,0,875000,467718694,0,16808,0.2132007164,0.5773502692,0.07838618017
P4cw70RX6ZU.mp4,1,1,1,1,1,1,1,1,0,1,0.826892922,162,9.261961345,31,8,0.572645951,0,0.6705764,12,711,283,Dr Ram Yeleti (COVID-19 Response) - Community Health Network.mp4,TRUE,TRUE,FALSE,8.905,2,24,24,2,0,3,196,0,0.004825263,8.57E-05,5,0,2770,2466154,0,1490,0.2672612419,0.3015113446,0.04833682445
dXL3lJU9mZU.mp4,1,1,1,1,1,1,1,0,1,1,0.912381907,89,10.61919703,24,6,0.479094317,0,0.7007179,13,494,210,COVID-19 Contact Tracing: How it Works.mp4,TRUE,TRUE,FALSE,7.547176871,6,98,73,3,0,17,197,0,0.005854801,0,0,0,11700,4539756,0,602,0.2738612788,0.4082482905,0.09044312633
47BsMx70O4g.mp4,1,0,1,1,0,1,1,0,1,1,0.974470196,154,8.838636148,34,3,0.798368911,0,0.615910687,11,744,318,How To Prepare For Possible 2nd Wave Of Coronavirus  TODAY.mp4,TRUE,TRUE,FALSE,11.60157609,10,184,117,3,0,23,198,1,0.005280518,0.007403636,2642,0,2570000,1796550762,0,16024,0.0749531689,0,0.04454354032
dEgmTCWG_w8.mp4,0,0,0,1,0,0,1,0,0,1,0.811197657,121,1.983824506,46,3,0.63611111,1,0.768489489,11,550,245,I hurt so bad' Olivehurst family shares COVID-19 experience.mp4,TRUE,TRUE,FALSE,16.34428571,3,84,69,2,0,4,198,0,0.005308101,0.001153935,5,0,46100,34077469,0,4588,0.2357022604,0.3333333333,0.05314940035
2PFT4KHWsWQ.mp4,1,1,1,1,0,1,1,0,1,1,0.909210969,110,4.099322716,37,10,0.614426664,0,0.615871978,11,504,241,What to expect when you go for a COVID-19 test.mp4,TRUE,FALSE,FALSE,0,0,0,0,0,0,0,199,0,0.004355034,0.000535838,0,0,11100,5252818,0,1142,0,0.4472135955,0.05184758474
uDleplCpc5E.mp4,1,0,1,1,0,1,1,0,0,1,0.861690758,110,5.492032191,36,0,0,0,0.843407281,13,535,285,24-year-old registered nurse shares his COVID-19 experience in quarantine  60 Minutes Australia.mp4,TRUE,TRUE,FALSE,13.49368571,7,150,112,5,0,19,201,2,0.015231912,0.008560147,0,0,2650000,803185173,0,2680,0,0.4472135955,0.07715167498
dYs0RKNIMKM.mp4,0,0,0,0,0,1,1,1,1,1,0.950264886,89,11.70582593,23,5,0.47862069,1,0.870666355,11,553,320,Stage 3 clinical trials on COVID-19 vaccines could see results before end of the year.mp4,TRUE,TRUE,FALSE,11.56875,2,48,41,3,0,6,201,0,0.015085924,0.00203332,109,0,1670000,1288181001,0,28370,0.2581988897,0.4264014327,0.04385290097
hFym7etOfaQ.mp4,1,0,0,1,0,1,1,0,0,1,0.981095286,115,12.027777,23,2,0.602873445,0,0.834207378,20,620,294,COVID-19: Are we storing up a mental health crisis.mp4,TRUE,TRUE,FALSE,30.33500921,3,181,129,5,0,21,201,2,0.009205826,0.001202253,106,0,2830000,1278001791,0,14845,0.137037742,0.6546536707,0.07802743146
i4SZ8AezUgs.mp4,1,0,0,1,0,0,1,0,0,1,0.950952094,112,8.658501775,28,0,0,0,0.862679057,14,523,216,How COVID-19 Will Change Higher Education.mp4,TRUE,TRUE,FALSE,16.14323232,15,297,189,9,0,38,202,4,0.006648437,0.000268082,8,0,1700,1475559,0,591,0.1167748416,0.4082482905,0.05555555556
a4d1aNnd4Hw.mp4,0,0,0,1,0,1,1,0,1,1,0.907816126,79,5.623013673,42,7,0.615960824,0,0.779946874,10,505,278,School Lunch delivery during COVID 19.mp4,TRUE,TRUE,FALSE,13.00572289,4,83,60,3,0,7,203,2,0.008286252,0.000376648,11,0,1960,651450,0,1292,0.2236067977,0,0.04745789979
mCIDZ9DsaKU.mp4,1,1,1,1,1,1,1,1,1,1,0.907245128,94,6.711735358,25,3,0.499519189,0,0.65784955,11,461,209,Supporting Your Child During COVID 19 Nasal Swab Testing.mp4,TRUE,TRUE,FALSE,10.72681818,4,66,53,2,0,8,203,0,0.004847062,0.000775229,401,0,568000,185046901,0,8308,0.246182982,0,0.05590169944
Cv4yeHoJ9Wg.mp4,0,0,0,1,0,0,1,0,1,1,0.884147515,79,12.74961675,21,7,0.654966282,0,0.845222481,13,538,295,School students around the world return to class COVID-19-safe classrooms are the new normal.mp4,TRUE,TRUE,FALSE,11.6437931,2,29,26,3,0,4,206,1,0.005368468,0.000846762,277,0,1670000,1288181001,0,28370,0.15430335,0,0.04564354646
xrdOjQi4FB0.mp4,0,0,0,0,0,1,1,0,1,1,0.864975487,103,8.416686355,31,8,0.514955793,0,0.843814008,15,639,297,Former assistant US surgeon general weighs in on Trumpæè«æ_èª£__æè«èª£é·s COVID-19 diagnosis.mp4,TRUE,TRUE,FALSE,22.38721264,3,116,86,3,0,8,207,0,0.007964363,0.002969762,0,0,875000,467718694,0,16808,0.09128709292,0.2886751346,0.0751646028
naV4Vmc5gIc.mp4,1,0,0,1,1,1,1,1,0,1,0.890878003,77,14.52621795,18,6,0.569844276,0,0.670176041,14,468,214,WHO officials are reviewing new evidence of airborne Covid-19 transmission.mp4,TRUE,TRUE,FALSE,15.74242751,21,583,286,9,0,100,208,11,0.00672474,0.002440201,163,0,1030000,567249566,0,52302,0.115986701,0,0.05538487756
AVy8EyjKsa0.mp4,0,0,1,1,0,0,1,0,1,1,0.90653012,125,9.554570292,26,2,0.557647735,0,0.837778184,14,580,242,How to support employee wellbeing during COVID-19.mp4,TRUE,TRUE,FALSE,12.04954545,1,22,21,2,0,5,209,0,0.008651399,0.000508906,0,0,1890,456839,0,275,0.2581988897,0.316227766,0.08679260732
7z0kzYpuqhw.mp4,0,1,1,0,1,1,1,1,1,1,0.951223926,71,18.27782609,14,0,0,0,0.874869313,14,483,246,What is COVID-19.mp4,TRUE,TRUE,FALSE,0,0,0,0,0,0,0,211,4,0.007994033,0.000661478,26,0,18100,5362730,0,225,0.2085144141,0,0.08164965809
RzW9UUmImVA.mp4,1,1,1,1,1,1,1,1,1,1,0.952738401,77,17.66055556,18,1,0.393615007,0,0.782985978,16,594,261,How Contagious is COVID-19 (Transmission Spread and R0).mp4,TRUE,TRUE,FALSE,10.07028555,33,572,259,13,0,73,211,14,0.006572549,0.000440703,93,0,197000,14875867,0,121,0.1189577379,0.3333333333,0.0496291667
TSsfvGOPFy4.mp4,1,1,0,1,1,1,1,1,0,1,0.936566368,153,11.87740959,28,8,0.517893221,0,0.771208849,14,715,300,Mental Health: Tips for Managing Anxiety During COVID-19.mp4,TRUE,TRUE,FALSE,13.44753731,4,67,59,4,0,13,212,0,0,0,0,0,0,170766,0,107,0.242535625,0,0.0751646028
s7G6-ol1GsM.mp4,1,0,1,1,0,1,1,0,1,1,0.973642583,108,13.74564146,21,3,0.513661057,0,0.829680604,15,595,318,Coronavirus UK: The disparities in education standards during the COVID-19 lockdown.mp4,TRUE,TRUE,FALSE,27.7794,4,200,137,4,0,22,213,2,0.005972234,0.002118558,0,0,2830000,1278001791,0,14846,0.1252448582,0.4714045208,0.04463218427
ODffu1oJxww.mp4,0,0,1,1,0,0,1,0,1,1,0.895535581,113,9.414381307,34,11,0.667173995,0,0.848050409,16,647,359,Trump blasts Dr Anthony Fauci after he criticizes the administration's COVID-19 response.mp4,TRUE,TRUE,FALSE,16.99878059,9,277,178,6,0,24,213,1,0.007612224,0.001347194,2096,0,1670000,1288181001,0,28370,0,0.316227766,0.06722926455
yS8OQpI_9f0.mp4,1,0,1,1,1,1,1,1,1,1,0.921482467,78,11.94078773,19,7,0.593250726,0,0.86283872,13,453,208,COVID-19 Modes and Risks of Transmission  Dr Wong Sin Yew Farrer Park Hospital.mp4,TRUE,TRUE,FALSE,25.91876712,2,73,49,2,0,3,213,0,0.015923567,0,0,0,446,90897,0,93,0.123091491,0.3015113446,0.07955572842
G4Ej9_-CHYI.mp4,0,0,1,1,0,1,1,0,0,1,0.852519226,132,10.68949025,29,7,0.41277544,0,0.810033396,16,667,315,DSU moves to online classes due to COVID-19 Pandemic.mp4,TRUE,TRUE,FALSE,13.9750211,3,79,61,3,0,6,215,3,0.021428571,0.007142857,0,0,1960,651450,0,1292,0.1632993162,0.377964473,0.07317617333
gBeVFBjMECk.mp4,1,1,1,1,0,1,1,1,1,1,0.993051054,111,12.05440358,20,0,0,0,0.867256774,8,503,261,COVID19: How to talk to your children about coronavirus  UNICEF.mp4,TRUE,TRUE,FALSE,18.5615625,4,128,85,2,0,12,215,1,0.013274038,0.000134762,12,0,417000,87690525,0,4314,0.1091089451,0.2672612419,0.04879500365
MNS68IyfKvs.mp4,1,1,1,1,1,1,1,1,1,1,0.899882982,117,7.186951134,35,0,0,0,0.865152769,16,611,283,We test a home antibody kit for tracking Covid-19 transmission.mp4,TRUE,TRUE,FALSE,13.34780488,5,123,97,3,0,18,217,2,0.003866346,0.000436021,228,0,499000,86921271,0,457,0.08276058886,0.25,0.04789131426
vxIzke8IISQ.mp4,1,1,1,1,1,1,1,1,1,1,0.922682915,67,11.35382212,20,2,0.511377811,0,0.87381237,15,416,255,Coronavirus (COVID-19) Video for kids.mp4,TRUE,TRUE,FALSE,7.811764706,5,68,57,4,0,13,218,1,0.005820231,0.000826641,0,0,158000,36247227,0,134,0.2208630521,0.4082482905,0.04926646391
oPVmd6MSE58.mp4,1,1,1,1,1,1,1,1,0,1,,67,11.69473684,19,3,0.544643054,0,0.775976166,13,471,220,Part 43 - Facts about COVID 19 Vaccine - as of 30th October 2020.mp4,TRUE,TRUE,FALSE,13.29228571,4,70,63,3,0,7,219,0,0.015556636,0.00097229,10,0,4130,312065,0,112,0.1571348403,0,0.05423261445
BKxnX3-yvng.mp4,0,0,0,1,0,0,1,0,0,1,0.936972339,121,12.18374233,25,3,0.371420622,0,0.736745821,15,652,291,Coronavirus vaccine: Pfizer CEO discusses COVID-19 vaccine by end of November possibly.mp4,TRUE,TRUE,FALSE,16.74622857,7,175,105,2,0,22,221,0,0.004733995,0.001773258,2327,0,443000,124815699,0,9740,0.0805822964,0.4472135955,0.04714045208
UTzUtW3qs7M.mp4,0,0,0,0,0,1,1,1,1,1,0.871000819,107,12.13395,25,4,0.524843,0,0.659330213,10,600,283,How Yale Genomic Epidemiologists Use Mutations to Track the COVID-19 Pandemic.mp4,TRUE,TRUE,FALSE,12.78121212,5,99,63,3,0,10,222,1,0.014041197,0.00037048,162,0,5690,536037,0,104,0.2020305089,0.3333333333,0.04767312946
Q7gYIQQQuTo.mp4,1,0,0,1,0,1,1,1,1,1,0.840225001,120,8.092686567,30,6,0.581284299,0,0.816824383,10,603,266,Caring for COVID-19 Patients.mp4,TRUE,TRUE,FALSE,10.19623188,3,46,42,2,0,6,222,1,0.006767661,0.000676766,1,0,6030,14141088,0,765,0.2773500981,0.5773502692,0.05050762723
nX4d2mxwCS8.mp4,1,0,0,1,0,1,1,0,1,1,0.898038195,67,-0.698869048,30,12,0.528111259,0,0.767284468,10,280,137,COVID-19 Patient & Mom Posts Video Before Passing  NowThis.mp4,TRUE,TRUE,FALSE,13.72112126,7,172,102,3,0,25,223,1,0.022042989,0.001058276,11247,0,1240000,742496350,0,8141,0.1290994449,0.3333333333,0.05241424184
Xmbl7GcGxwI.mp4,1,1,1,1,1,1,1,0,1,1,0.860544893,149,12.88513186,27,0,0,0,0.84037143,16,771,324,How To Stay Safe At Work During The COVID-19 Outbreak.mp4,TRUE,TRUE,FALSE,18.89741379,5,174,119,3,0,21,224,2,0.015600481,0.000509991,154,0,3590000,1320059152,0,4900,0.15430335,0.316227766,0.04376881095
Imz6M1-X11U.mp4,1,1,1,1,1,1,1,1,0,1,0.923386618,89,12.91979663,19,6,0.425432722,0,0.788066876,14,515,258,Why Does COVID-19 Affect People Differently  Spread the Facts Not the Virus.mp4,TRUE,FALSE,FALSE,0,0,0,0,0,0,0,224,0,0.005181347,0,2,0,237,60597,0,203,0,0.316227766,0.05025189076
6xeuAavcCGQ.mp4,1,1,0,1,1,1,1,1,1,1,0.937373981,126,7.39631668,43,6,0.578854243,0,0.846117576,13,742,336,Ask Dr Nandi: CDC lists new symptoms and warning signs for COVID-19.mp4,TRUE,TRUE,FALSE,6.23173913,2,23,22,1,0,5,224,1,0.003513069,0.00038676,55,0,406000,435276348,0,89227,0.3651483717,0.2132007164,0.06975801064
QjEfy54R3mc.mp4,1,0,1,1,0,1,1,1,1,1,0.874270306,136,11.81886833,29,4,0.649815314,0,0.822406881,18,777,346,Johnson & Johnson pauses COVID-19 vaccine trial.mp4,TRUE,TRUE,FALSE,33.45333333,3,188,107,3,0,20,227,0,0.009162603,0.004857513,616,0,2340000,1136658075,0,18003,0.1611645928,0.5773502692,0.04248592887
9TDDvTYNRfM.mp4,1,0,1,1,1,1,1,1,1,1,0.856668347,90,13.86380406,22,1,0.330007106,0,0.846506767,11,618,272,New Drug for COVID-19 Treatment is Developed in St Louis with Clinical Trial in Kansas.mp4,TRUE,TRUE,FALSE,14.19568389,7,141,91,4,0,12,228,0,0.009580838,0,13,0,2420,683328,0,252,0.1767766953,0.316227766,0.04778184826
eBI8q48vsEw.mp4,0,0,0,0,0,0,0,0,1,1,0.952925236,93,4.558872041,31,6,0.394600401,0,0.67762525,14,451,221,COVID-19 Patient Shares Heartbreaking Message About Getting the Virus  NowThis.mp4,TRUE,TRUE,FALSE,13.34917012,10,241,135,3,0,35,230,5,0.020413333,0.001306667,277,0,1240000,743310974,0,8144,0.1386750491,0.3333333333,0
ywfDfNnHCqI.mp4,1,1,0,1,1,1,1,1,0,1,0.836570552,118,7.186100211,38,3,0.411256284,0,0.879683918,13,625,264,Are people with diabetes high risk for COVID-19 Coronavirus Outbreak Answers  COVID-19 in Context.mp4,TRUE,TRUE,FALSE,29.05432515,4,163,101,2,0,7,231,1,0.013745704,0.006872852,0,0,94600,56881642,0,15854,0.1474419562,0.316227766,0.06967330143
A8zT1-U2Zlo.mp4,1,1,1,1,1,1,1,1,0,1,0.782423562,91,13.6767601,23,4,0.616277099,0,0.887673199,15,591,296,Parents Watch this regarding COVID-19 and your Kids.mp4,TRUE,TRUE,FALSE,19.4205,1,20,19,3,0,2,232,0,0.015864081,0.000716442,40,0,51600,9508329,0,59,0.3651483717,0.4472135955,0.07532435772
Vo9IJ5Ijr-8.mp4,1,0,0,1,1,0,1,1,1,1,0.94402538,106,12.00305825,25,0,0,0,0.853887595,14,618,281,COVID19: Epidemiological curves.mp4,TRUE,TRUE,FALSE,12.180625,2,32,27,1,0,2,234,2,0.008197234,6.26E-05,12,0,2520,1144345,0,224,0.2294157339,0,0.04800153607
syXd7kgLSN8.mp4,0,0,1,0,1,1,1,1,1,1,0.945159178,82,20.30395107,15,0,0,0,0.875002488,14,545,282,COVID-19 Diagnostics: Performing a Nasopharyngeal and Oropharyngeal Swab.mp4,TRUE,TRUE,FALSE,18.59170213,5,141,101,3,0,10,235,4,0.005407855,0.000273172,83,0,75100,6801206,0,154,0.1702513062,0.377964473,0.03782347372
96Mx6vfxeDw.mp4,1,1,1,1,1,1,1,1,1,1,0.850592116,138,4.616983188,38,3,0.45413053,0,0.680540182,16,623,279,Claire's COVID-19 Recovery Story.mp4,TRUE,TRUE,FALSE,14.22214612,3,73,54,5,0,6,236,2,0.009194864,0.00040123,135,0,1220,368694,0,313,0.2294157339,0.4472135955,0.04867923835
0GHoKSBGbUg.mp4,1,1,1,1,0,1,1,1,1,1,0.890926639,145,8.647904149,36,0,0,0,0.856115864,13,699,306,Coronavirus Lockdown: What Should You Do If You're Showing Symptoms of COVID-19  NewsMo.mp4,TRUE,TRUE,FALSE,13.65218009,10,211,150,9,0,24,238,0,0.009081144,0.000488234,4,0,4120000,855682088,0,59923,0.1318760947,0.2773500981,0.07438080033
l411tsjqAms.mp4,1,1,1,1,1,1,1,0,1,1,0.933560698,107,13.0655413,24,2,0.328014627,0,0.810832575,10,565,283,COVID-19: Tips for Managing Social Isolation.mp4,TRUE,TRUE,FALSE,19.2785157,12,329,194,3,0,30,239,3,0.007569793,0.000484467,14,0,12000,1313545,0,161,0.1360827635,0.4082482905,0.07564694745
Cod9ooCXeIQ.mp4,1,0,0,1,0,1,1,0,0,1,0.978399388,94,6.537261905,32,1,0.413950533,0,0.746258509,12,504,282,COVID-19's toll on mental health.mp4,TRUE,TRUE,FALSE,18.0604878,5,164,115,3,0,14,239,0,0.011874533,0.008364451,0,0,2830000,1278001791,0,14845,0.2100420126,0.5163977795,0.07664016652
pVwxUVlQ7YM.mp4,1,0,0,1,0,1,1,0,0,1,0.795948446,110,11.87238596,26,6,0.421767414,0,0.801472336,11,629,305,Community Health Centers Coronavirus and Racial Justice: Selections From Covid-19 Fund Update.mp4,TRUE,TRUE,FALSE,16.55552693,7,183,119,3,0,21,241,0,0,0,0,0,0,1020163,0,256,0.119736868,0,0.07377111136
vZF4bSwN99M.mp4,1,0,0,1,0,1,1,0,0,1,0.913129472,118,7.186432161,30,1,0.804196656,0,0.726222664,14,597,249,What COVID-19 School Closures Mean For Families With Special Needs Kids  Think  NBC News.mp4,TRUE,TRUE,FALSE,19.63954625,6,191,121,3,0,26,241,1,0.009157128,0.000277489,42,0,4410000,2461101451,0,27333,0.1091089451,0.2672612419,0.04210759605
Y3zKRHzccMk.mp4,1,1,1,1,0,1,1,1,1,1,0.905247066,133,12.70197118,28,2,0.409948245,0,0.858104516,15,699,324,Why aerosol vs droplet transmission of covid-19 matters.mp4,TRUE,TRUE,FALSE,15.3385,3,60,46,2,0,7,243,2,0.017750236,0.00210062,52,0,1490000,762876565,0,16554,0.1474419562,0.2672612419,0.07174960033
RN81h85V6D4.mp4,1,1,0,1,1,1,1,1,1,1,0.924671264,70,11.66802486,21,1,0.562716067,0,0.776308515,8,521,245,How COVID-19 Affects the Body.mp4,TRUE,TRUE,FALSE,7.985419403,33,526,254,7,0,71,243,18,0.019819135,0.0006157,468,0,2870000,755802260,0,469,0.1203858531,0.5,0.08206099399
g9PUixw6wTo.mp4,1,0,1,1,0,1,1,1,1,1,0.89478946,147,6.991819222,38,3,0.366338183,0,0.715546827,13,736,303,Laura's COVID-19 Recovery Story.mp4,TRUE,TRUE,FALSE,9.608,3,60,50,3,0,7,245,0,0.006618864,0.000919287,9,0,1220,368694,0,313,0.2390457219,0.4472135955,0.04672693135
UaU97wfJOp0.mp4,1,0,0,1,1,1,1,1,1,1,0.902823296,168,7.50312317,43,9,0.632971846,0,0.703939607,15,810,359,Wisconsin Doctor On Record Number Of COVID-19 Cases: æè«æ_èª£__èª£_æé·Weæè«æ_èª£__æè«èª£é·re Strugglingæè«æ_èª£__æè«èª£é·  TODAY.mp4,TRUE,TRUE,FALSE,12.25701723,9,187,118,2,0,22,245,1,0.005045541,0.003916344,2347,0,2570000,1796550762,0,16024,0.1490711985,0.242535625,0.03390317518
PhbuuOYrTp4.mp4,1,1,1,1,1,1,1,1,1,1,0.934570862,95,16.73219106,23,2,0.533202589,0,0.778601375,18,710,374,Covid-19 and Long-term Recovery.mp4,TRUE,TRUE,FALSE,12.29269231,8,156,133,3,0,12,245,1,0.051006529,0.000714091,199,0,377000,30887404,0,632,0.07372097808,0,0.06644554942
ykmjMWwrseE.mp4,0,1,1,1,0,1,1,0,1,1,0.880118798,92,5.086740659,38,5,0.766244817,1,0.758084814,11,524,283,Life After Covid-19 (Animation).mp4,TRUE,TRUE,FALSE,7.678163265,7,98,77,3,0,12,246,0,0.075472128,0.001860023,5040,0,417000,73216650,0,113,0,0,0
Gu52tFllR8I.mp4,0,0,0,1,0,0,1,0,0,1,0.924555656,135,7.468881885,41,9,0.506371276,1,0.789342637,16,712,302,Impact of the COVID-19 pandemic on mental health worldwide.mp4,TRUE,TRUE,FALSE,13.39058824,2,34,32,3,0,3,246,1,0.011827654,0.001126443,12,0,3180000,2358492015,0,79337,0.2222222222,0.7071067812,0.07484811886
WkxbRfvOn6k.mp4,1,0,1,1,1,1,1,0,1,0,0.950252424,175,8.964995374,37,13,0.616895524,0,0.838649116,14,818,316,Tips for staying safe and reducing COVID-19 spread at the polls on Election Day.mp4,TRUE,TRUE,FALSE,13.30846154,2,52,44,2,0,6,248,0,0.013178057,0.003984064,42,0,1670000,1288027306,0,28370,0.1212678125,0.3333333333,0.07347183584
I5xas0lq6_4.mp4,0,0,0,1,0,0,1,0,1,0,0.897075305,127,9.998315759,37,5,0.483961761,1,0.785773243,17,751,363,Researchers sound alarm on severe cases of COVID-19 in children and teens.mp4,TRUE,TRUE,FALSE,13.67691983,3,79,61,4,0,11,251,1,0.006830993,0.003843394,1045,0,1670000,1288181001,0,28370,0.2132007164,0.5,0.04123930494
PsKRLJOj1pg.mp4,0,0,0,1,0,0,1,0,0,1,0.761782003,177,5.225067141,48,5,0.396723694,0,0.853317142,15,844,308,æè«æ_èª£__èª£_æé·Please just help meæè«æ_èª£__æè«èª£é·: Recovering COVID-19 patient describes being on a ventilator.mp4,TRUE,TRUE,FALSE,26.30768657,4,201,119,4,0,26,253,0,0.009753067,0.000823879,571,0,2340000,1136752779,0,18003,0.1259881577,0.2773500981,0.0461265604
Icr7xADIoas.mp4,0,0,1,1,0,0,1,0,1,1,0.871904352,129,9.822775243,34,3,0.467497716,0,0.733343224,16,709,368,Is The US Prepared For A Coronavirus Outbreak  TODAY.mp4,TRUE,TRUE,FALSE,10.13995826,11,196,119,2,0,22,254,2,0.006474771,0.00061828,1150,0,2570000,1797165657,0,16024,0.1217161239,0,0.05812381937
Xaw8DsF2Igc.mp4,1,1,1,1,1,1,1,1,1,1,0.910226425,97,6.347825198,35,1,0.740294516,0,0.869824197,8,559,256,How to test your child for coronavirus (Covid-19) in the UK.mp4,TRUE,TRUE,FALSE,3.445,4,42,35,2,0,7,255,2,0.003563716,0.000510232,0,0,8110,6728315,0,638,0.1507556723,0.25,0.04926646391
uCbgQzrg9fI.mp4,1,1,1,1,1,1,1,1,1,1,0.839160946,169,6.604697653,48,5,0.52070027,0,0.841964848,11,831,318,COVID-19 Symptoms in Children.mp4,TRUE,TRUE,FALSE,16.86659091,2,44,40,2,0,5,256,0,0.003911571,0.000424899,0,0,0,631661,0,384,0.25,0.5773502692,0.04526787302
RK2IfGPSqO0.mp4,0,0,0,1,0,1,0,0,1,1,0.905928982,97,12.84265707,30,0,0,0,0.87915722,13,695,339,Understanding the Economic Shock of the Covid-19 Crisis.mp4,TRUE,TRUE,FALSE,14.99779805,12,274,172,3,0,39,258,2,0.020460665,0.000805564,300,0,278000,6095706,0,92,0.06019292654,0,0.04240944648
U4Nx69IOFwY.mp4,0,0,0,1,0,0,1,0,0,0,0.909007852,231,4.847071122,51,13,0.617470423,0,0.857336164,15,845,306,Watch: Trump Repeatedly Claims Covid-19 æè«æ_èª£__èª£_æé·Going Awayæè«æ_èª£__æè«èª£é· As Cases Rise  NBC News.mp4,TRUE,TRUE,FALSE,19.56996546,6,193,122,4,0,22,258,2,0.010329081,0.004283194,6407,0,4410000,2463594653,0,27334,0,0,0.04526787302
PuJrPf_aado.mp4,0,0,0,0,1,1,1,1,1,1,0.867002766,56,16.56975309,18,3,0.44186456,0,0.807962211,8,486,259,2019 Novel Coronavirus - SARS CoV 2.mp4,TRUE,TRUE,FALSE,8.62,1,13,13,1,0,2,260,0,0.006458326,0.000574073,0,0,1150,208376,0,43,0,0,0.07802743146
v5Asgg1Orzc.mp4,1,1,1,1,1,1,1,1,1,1,0.917533631,78,18.89896212,17,4,0.425195903,0,0.737431778,16,573,251,Explained: Can a recovered patient be re-infected with Covid-19.mp4,TRUE,TRUE,FALSE,22.4375,3,96,75,3,0,9,262,0,0.011486708,0.001312767,5,0,707000,223269240,0,12752,0.08247860988,0,0.05143444999
MnxO48joRZQ.mp4,0,0,0,1,0,0,1,0,1,1,0.928332105,60,9.728283883,19,0,0,0,0.655338892,10,353,229,Sharing COVID-19 experiences: The Thailand response.mp4,TRUE,TRUE,FALSE,15.15404762,3,56,42,2,0,5,265,1,0.021637258,0.000809951,38,0,633000,59754681,0,1734,0.2809757435,0.377964473,0.08512565308
RSRINT0ygiE.mp4,0,0,0,0,0,1,1,0,0,0,0.834523823,172,7.348920171,46,2,0.479939833,0,0.872320831,12,854,330,COVID-19: Managing fear & anxiety during the pandemic.mp4,TRUE,TRUE,FALSE,17.59448276,1,29,27,3,0,3,266,1,0.007451565,0,1,0,289,160821,0,224,0.158113883,0.5345224838,0.0713376375
tZMnLNo8-QY.mp4,0,0,0,0,0,1,1,0,0,0,0.936076072,171,8.705436392,43,9,0.626822581,0,0.81043843,14,842,358,How rising COVID-19 cases could affect Election Day.mp4,TRUE,TRUE,FALSE,16.8675,1,24,23,2,0,7,266,1,0.003889826,0.005298857,1342,0,1670000,1288027306,0,28370,0.1507556723,0.5,0.04233337567
KVxpmTx8iqU.mp4,0,0,0,0,0,0,1,1,0,1,0.83893839,48,6.069888694,31,14,0.602124406,0,0.729926334,6,313,219,COVID-19 health tips (Tamil).mp4,TRUE,FALSE,FALSE,0,0,0,0,0,0,0,268,0,0.006046195,0.000924712,0,0,8470,7533339,0,209,0,0.5345224838,0.04291410754
w1ncGjHExmk.mp4,1,1,1,1,0,1,1,1,1,1,0.892376645,161,5.583780193,46,7,0.573999545,0,0.778239449,12,756,346,I took a COVID-19 test Here's how it went.mp4,TRUE,TRUE,FALSE,11.13366758,7,104,83,3,0,16,271,0,0.003659959,0.00060329,346,0,153000,111853025,0,26773,0.2062842493,0.5345224838,0.04271788289
sHP0UIdZyI4.mp4,1,1,1,1,1,1,1,1,1,1,0.818649002,99,11.62327635,27,14,0.563600853,0,0.729982963,13,611,273,What Is Coronavirus (COVID-19).mp4,TRUE,TRUE,FALSE,11.72133333,6,70,56,2,0,13,271,3,0.005284797,0.000581411,648,0,204000,48020374,0,2995,0.2132007164,0.377964473,0.06819943395
GoXxmzKdick.mp4,1,1,1,1,1,1,1,1,1,1,0.922793314,117,6.245747824,44,3,0.473678162,0,0.747950508,15,637,338,Coronavirus: How to Teach Kids About COVID-19  BrainPOP.mp4,TRUE,TRUE,FALSE,11.94722727,8,165,117,5,0,23,273,4,0.005690668,0.000382497,0,0,99800,10119444,0,92,0.08276058886,0.3535533906,0.06988565578
iv4mrCE6Tgg.mp4,1,1,0,1,1,1,1,1,1,1,0.964732977,76,18.8762335,19,1,0.363961428,0,0.793893427,12,614,279,Recognizing the symptoms of COVID-19.mp4,TRUE,TRUE,FALSE,22.54073171,5,164,121,3,0,14,273,3,0.00518036,0.000576682,387,0,86600,10148473,0,361,0.1533929978,0.4082482905,0.04672693135
MyDu0MjWrHM.mp4,0,0,1,1,0,0,1,0,1,0,0.900081633,78,8.386127874,24,4,0.498305395,0,0.677938063,15,464,267,Crisis In Bali's Paradise: The COVID-19 Impact.mp4,TRUE,TRUE,FALSE,9.799090909,8,132,98,4,0,14,273,1,0.008531048,0.000247582,904,0,534000,159712967,0,2161,0.1170411472,0.3333333333,0.04856429312
yb1FBExhalk.mp4,0,1,1,0,1,1,1,1,1,1,0.941880815,98,12.95703704,27,2,0.396938413,0,0.782486921,15,648,319,Introducing SARS-CoV-2: learn the basic principles behind this virus.mp4,TRUE,TRUE,FALSE,21.41389262,5,149,116,4,0,12,275,2,0.017892644,0.001739563,5,0,86600,10147141,0,361,0.08111071057,0,0.04311306136
xzNMABRELPg.mp4,1,1,1,1,0,1,1,1,1,1,0.937465061,138,12.63763818,27,0,0,1,0.803407959,15,719,350,Coronavirus  Dealing with anxiety & mental health during a pandemic.mp4,TRUE,TRUE,FALSE,7.849857143,7,100,81,4,0,14,275,2,0.012145948,0.00046925,433,0,11700,4985442,0,74,0.09712858624,0.4364357805,0.06757373784
ZqaPZ3ST1AY.mp4,1,1,1,1,1,1,1,1,1,1,0.972901034,97,22.98760071,16,6,0.363927667,0,0.627466069,10,633,285,What is the treatment for COVID-19.mp4,TRUE,TRUE,FALSE,14.19459953,12,283,160,6,0,31,275,0,0.056279878,0.001412429,30,0,1820000,62994024,0,830,0.06482037236,0.4082482905,0.07630475937
C50nh43Qkso.mp4,1,0,1,1,0,1,1,1,1,1,0.925830145,150,8.727220497,46,13,0.501274613,0,0.881627694,17,840,362,Fighting health disparities during COVID-19 pandemic.mp4,TRUE,TRUE,FALSE,19.82071429,1,28,26,2,0,3,277,0,0.003308519,0.00165426,0,0,10200,5289108,0,3034,0.2649064714,0.632455532,0.06711560552
aiEHFqJTjXs.mp4,0,0,0,1,0,0,1,0,1,1,0.921599077,166,9.610164635,42,4,0.487864263,0,0.770737718,15,914,358,Coronavirus: Plan to rollout successful COVID-19 vaccine in 2021  9 News Australia.mp4,TRUE,TRUE,FALSE,16.963,3,90,63,4,0,9,278,0,0.006993556,0.002691341,0,0,586000,262464794,0,8891,0.2357022604,0.4264014327,0.06851887098
bvS7gnEkoxE.mp4,0,0,0,1,0,0,1,1,1,1,0.807527651,151,11.83833596,36,8,0.574957699,1,0.879435545,19,845,412,Herd Immunity The Long-Term Epidemiology of COVID-19.mp4,TRUE,TRUE,FALSE,4.745571429,4,35,31,1,0,7,279,1,0.033801747,0.001898975,8,0,5340,559927,0,324,0,0,0.06253053995
ZpFE1Qm2kJQ.mp4,0,0,0,1,0,1,1,0,1,1,0.940266066,202,13.36441616,39,7,0.669686739,0,0.82262367,15,1094,360,Donald E Heller talks about COVID-19's impact on education.mp4,TRUE,TRUE,FALSE,16.178,1,30,26,2,0,1,282,0,0.005659815,0.00059577,3,0,414000,193686265,0,42911,0.3086066999,0.5,0.06711560552
Wy6xtIRAVAY.mp4,1,0,1,1,1,1,1,1,1,1,0.890079994,162,13.17700938,30,2,0.412017658,0,0.858171326,12,817,380,Coronavirus outbreak: Is a 'mental health pandemic' coming after COVID-19.mp4,TRUE,TRUE,FALSE,19.05480405,7,226,146,4,0,35,286,3,0.011465045,0.000640282,208,0,2120000,1038456668,0,20531,0.1690308509,0.2236067977,0.0657951695
HYDUZW_xgzE.mp4,0,0,0,0,1,1,1,1,1,1,0.96843536,129,14.78769531,25,5,0.638205671,0,0.840716064,20,768,288,Chinaæè«æ_èª£__æè«èª£é·s Race for First Covid-19 Vaccine Raises Safety Questions.mp4,TRUE,TRUE,FALSE,10.35266667,3,45,43,2,0,10,293,1,0.004650476,0.011146379,194,0,820000,176682868,0,23419,0.125,0,0.04714045208
jgGdQkXJENA.mp4,1,1,1,1,1,1,1,1,1,1,0.947568482,105,10.37365818,32,3,0.762969792,0,0.871849609,18,633,338,What is a Coronavirus  COVID-19  aumsum kids science education children.mp4,TRUE,TRUE,FALSE,7.132792494,12,151,105,10,0,16,297,9,0.015675727,0.000610232,0,0,1990000,482535150,0,863,0.158113883,0.5,0.04264014327
pBVAnaHxHbM.mp4,0,0,1,1,0,0,1,0,1,0,0.889060427,118,6.910077206,34,15,0.660488733,0,0.838025816,12,640,253,Obama Warned The US To Prepare For A Pandemic Back In 2014  NowThis.mp4,TRUE,TRUE,FALSE,12.63005072,11,233,134,4,0,30,298,6,0.017176038,0.000977636,10525,0,1240000,742943180,0,8142,0.1121544308,0,0.08421519211
6xCaTD3Hpj0.mp4,0,0,0,0,0,1,1,1,0,1,0.987106334,165,10.28990661,38,9,0.618338542,0,0.858652798,22,851,348,Coronavirus: 'There may never be a COVID-19 vaccine'.mp4,TRUE,TRUE,FALSE,25.94714286,3,147,105,5,0,15,301,3,0.004299023,0.0072672,2373,0,2830000,1277054725,0,14844,0.09449111825,0.377964473,0.05986843401
ltYvcxYpiPw.mp4,1,0,1,1,0,1,1,0,0,1,0.863774242,173,10.82372318,40,7,0.43520729,0,0.765907559,13,932,414,Reporter Roundup: Major Spike in COVID-19 Deaths; Funeral Homes Prep.mp4,TRUE,TRUE,FALSE,13.26958333,6,144,96,4,0,27,301,1,0.014844804,0.001349528,5,0,69600,15388186,0,1684,0.1410691232,0.3015113446,0.03790490218
5fGIT1pwcbE.mp4,1,0,1,1,0,1,1,0,1,1,0.910688886,112,18.21365584,26,4,0.478626668,0,0.793294446,19,869,448,The COVID-19 Coronavirus Impact on US and World Markets.mp4,TRUE,TRUE,FALSE,10.71479675,9,123,93,5,0,23,301,4,0.008455915,0.000572536,19,0,123000,10782627,0,376,0.2132007164,0.377964473,0.05877270994
SyUd0G2-PEo.mp4,1,0,1,1,1,1,1,1,1,1,0.867153231,166,7.760552835,51,7,0.469802925,1,0.857364068,15,853,343,Canadaæè«æ_èª£__æè«èª£é·s new COVID-19 contact tracing app: What are the privacy concerns.mp4,TRUE,TRUE,FALSE,18.43626506,5,166,98,3,0,20,303,1,0.0059755,0.018225276,211,0,2120000,1038456668,0,20532,0.2027212135,0.4803844614,0.06925433611
Qiyd3HXX240.mp4,1,0,0,1,1,1,1,1,0,0,0.81979208,125,9.3512764,45,2,0.315920562,0,0.722966867,9,847,346,MUSC COVID-19 Epidemiology Intelligence Project.mp4,TRUE,TRUE,FALSE,14.71818182,2,11,11,1,0,1,304,0,0.023809524,0,0,0,5990,3182213,0,679,0.4472135955,0.4472135955,0.06900655593
bBUbfLHK3oI.mp4,1,1,1,1,1,1,1,1,1,1,0.848927856,212,8.008313141,50,8,0.54112266,0,0.765162728,14,1073,362,Covid Face Masks  Best + Worst Face Masks For Covid-19 Prevention  Dr William Li.mp4,TRUE,TRUE,FALSE,14.83272727,1,22,18,3,0,5,310,0,0.013476224,0.001155105,52,0,644000,365878841,0,7008,0,0,0.04152273993
ip7kKPNLN00.mp4,1,0,1,1,1,1,1,1,0,1,0.85625316,137,8.734272255,35,11,0.59246491,0,0.785069874,15,743,327,Anthony Fauci MD: How COVID-19 Vaccines Progressed Quickly & Safely.mp4,TRUE,TRUE,FALSE,16.88142857,1,21,21,2,0,3,312,0,0.006686228,0.002597528,130,0,5500,1576000,0,3858,0,0.3015113446,0.09356742923
ozeibtfCLAM.mp4,1,0,0,1,1,1,1,1,0,1,0.946474751,149,9.433927203,36,6,0.568600625,0,0.7048568,14,783,301,Michael Liebowitz MD: The Mental Health Impact of COVID-19.mp4,TRUE,TRUE,FALSE,11.8845,1,20,19,2,0,2,313,1,0.003164557,0,0,0,5500,1576172,0,3858,0.1889822365,0,0.07500586006
4XWbBTwAsUM.mp4,1,0,0,1,1,1,1,1,1,1,0.943983731,168,12.19032309,44,1,0.617022991,0,0.782116676,18,982,460,Indiana's COVID-19 Testing Study and What it Means for Reopening.mp4,TRUE,TRUE,FALSE,10.37615059,12,197,158,4,0,26,313,1,0.055107803,0.001334702,374,0,377000,30887404,0,632,0.09534625892,0.3535533906,0.05847053462
1HLMyijbn_E.mp4,1,1,1,1,1,1,1,1,1,1,0.882705533,151,11.90219322,39,4,0.450318657,0,0.819302499,16,943,441,7 Tips for Healthy Grocery Shopping during COVID-19.mp4,TRUE,TRUE,FALSE,21.33044776,6,201,144,5,0,19,314,1,0.008019396,0.000484894,40,0,7520,816500,0,101,0.1499063378,0,0.03701166051
Xj1nUFFVK1E.mp4,1,0,0,1,1,1,1,1,1,1,0.975645886,127,16.33867857,30,2,0.397613868,1,0.901121914,16,840,415,HOW DOES COVID-19 AFFECT THE BODY.mp4,TRUE,TRUE,FALSE,10.40060987,48,716,366,12,1,105,315,15,0.006703655,0.000555443,2758,0,197000,14875867,0,121,0.0800640769,0.4082482905,0.0612851413
tcsWEhm0Bcs.mp4,0,1,0,0,1,1,1,1,1,1,0.823010717,116,8.64302356,40,5,0.586441684,0,0.833539585,16,764,339,Coronavirus  SARS CoV-2.mp4,TRUE,TRUE,FALSE,7.3,2,27,27,1,0,4,317,0,0.013836864,0.000767801,289,0,88500,8087315,0,257,0,0,0.04248592887
OOJqHPfG7pA.mp4,1,1,0,1,1,1,1,1,1,1,0.945182196,132,17.91386926,24,0,0,0,0.816896127,13,835,380,What Coronavirus Symptoms Look Like Day By Day.mp4,TRUE,TRUE,FALSE,16.84433925,6,169,112,4,0,21,319,1,0.012431486,0.000373654,17292,0,1470000,297538653,0,443,0.1666666667,0,0.0657951695
o74nLLD7YCY.mp4,1,0,1,1,1,1,1,1,1,1,0.894983512,149,9.74717179,38,0,0,0,0.815206449,18,803,360,The mental impact of COVID-19 and how to cope.mp4,TRUE,TRUE,FALSE,25.22166667,4,189,110,2,0,22,319,1,0.008119956,0.002739863,81,0,2340000,1136752779,0,18003,0.06950480469,0.632455532,0.06768974434
kO9W9DtMFik.mp4,1,1,1,1,1,1,1,0,0,1,0.904824506,197,6.630662226,48,0,0,0,0.83701772,14,957,368,How To Prep For A Quarantine According To The Head Of The NYC Preppers Network.mp4,TRUE,TRUE,FALSE,15.1341517,6,167,117,2,0,19,320,1,0.018247549,0.002214855,410,0,3590000,1320059152,0,4900,0.1111111111,0,0.04096159603
Hq6A1oHd_U8.mp4,1,1,0,1,1,1,1,1,1,1,0.923620533,138,15.98984427,31,2,0.542202294,0,0.634468706,17,870,409,How Does Coronavirus Affect Our Body  COVID 19 Explained.mp4,TRUE,TRUE,FALSE,8.301153846,13,156,115,4,0,21,320,3,0.027935499,0.000227118,16,0,61000,2837467,0,48,0.1846372365,0,0.06234796864
OSAuyLlJStw.mp4,0,0,1,1,0,1,0,0,1,0,0.9044079,180,8.519847403,44,2,0.548581451,0,0.556402013,17,840,370,How Remote Learning During Covid-19 Is Changing Education.mp4,TRUE,TRUE,FALSE,16.36527778,5,108,80,2,0,12,321,1,0.018020527,0.001153632,93,0,2370000,553815647,0,47917,0.09365858116,0,0.06700252102
czlICtpYvAU.mp4,1,1,0,1,1,1,1,1,0,0,0.885749734,213,7.357927055,64,2,0.422939897,0,0.863468741,20,1113,429,Managing mental health concerns during the COVID-19 pandemic.mp4,TRUE,TRUE,FALSE,22.05831804,3,109,79,4,0,9,322,1,0.009713977,0.00701565,0,0,875000,467761868,0,16808,0.2357022604,0.7071067812,0.06172133998
sFiy4kvRcSs.mp4,1,1,0,0,1,1,0,1,0,1,,204,5.588323835,53,7,0.517257618,0,0.832736457,11,980,325,Dr Isaac George Shares His Experience Recovering from COVID-19.mp4,TRUE,TRUE,FALSE,12.5997561,2,41,35,2,0,3,325,0,0.008090498,0.000330224,750,0,35600,8755304,0,270,0.2773500981,0,0.06201736729
0Qgrf42mGZ0.mp4,0,0,1,0,0,0,0,0,1,1,0.871187015,145,17.24253542,27,3,0.438301643,0,0.805846597,17,894,401,Coronavirus (Covid-19) explained and the biggest myths debunked.mp4,TRUE,TRUE,FALSE,8.954531835,6,89,69,2,0,13,328,3,0.009971695,0.00197561,1284,0,1490000,768289352,0,11149,0,0.25,0.03874921291
czq2z3NgxpM.mp4,0,0,0,0,0,0,0,0,1,0,0.872487991,183,8.430210989,52,4,0.550761528,1,0.824803064,15,1050,394,How COVID-19 is affecting the economy.mp4,TRUE,TRUE,FALSE,32.30967742,3,186,103,2,0,22,328,0,0.007445702,0.001105475,191,0,2340000,1136752779,0,18003,0.1727736851,0.5,0.03934447377
h1kDzqpDlY0.mp4,1,1,1,1,1,1,1,1,1,1,0.864830034,175,10.31372919,45,6,0.658164625,0,0.826016689,9,988,358,COVID-19 and Loss of Smell Explained.mp4,TRUE,TRUE,FALSE,7.928333333,4,36,34,1,0,5,331,0,0.013214132,0.000300618,841,0,99300,5791516,0,458,0.2041241452,0.5,0.04166666667
cytI7bb9hX0.mp4,1,0,1,1,0,1,0,0,1,1,0.977675514,207,10.2155402,47,13,0.647341206,0,0.852200483,16,976,391,Important to prepare for COVID-19 outbreak in Canada: Dr Tam.mp4,TRUE,TRUE,FALSE,36.34621429,2,140,77,3,0,19,333,0,0.005081917,0.010846481,198,0,517000,321038881,0,10779,0.1649572198,0.5,0.06434894521
LfpbRQIa_Zo.mp4,1,1,1,1,1,1,1,1,1,1,0.942455186,160,17.96482633,27,3,0.379918168,1,0.893693705,18,965,404,What Coronavirus Recovery Looks Like Day By Day.mp4,TRUE,TRUE,FALSE,13.03285621,9,170,117,4,0,17,337,0,0.021223676,0.000347635,571,0,1470000,297525430,0,443,0.1561737619,0,0.0634680816
arneFa08tlU.mp4,1,0,1,1,0,1,0,1,1,1,0.916419157,218,7.025296543,61,3,0.434115698,0,0.711012708,22,1133,433,Coronavirus vaccine breakdown: The race for a COVID-19 vaccine.mp4,TRUE,TRUE,FALSE,23.5191195,3,106,70,2,0,12,343,0,0.00605218,0.004089311,65,0,443000,124826626,0,9740,0.2041241452,0.5,0.03726779962
CVvGvoMRUhk.mp4,1,1,1,1,1,1,1,1,1,1,0.92083676,197,5.5694,60,0,0,0,0.751713885,11,900,368,COVID-19: Mental Health Issues and Coping.mp4,TRUE,TRUE,FALSE,22.42944444,9,314,184,5,0,27,345,0,0.011785241,0.000767996,63,0,12000,1313545,0,161,0.1386750491,0.4082482905,0.06677805633
IdeHSkDCm58.mp4,0,0,1,0,0,0,0,0,1,1,0.882741087,166,6.218180055,58,3,0.392182986,0,0.866442456,15,889,400,He Survived Ebola Now This Doctor Is Battling Coronavirus.mp4,TRUE,TRUE,FALSE,10.36535714,8,140,103,4,0,13,346,2,0.042017556,0.000289623,169,0,914000,214551812,0,5037,0.1360827635,0,0.0391630225
PtpQQdtggIU.mp4,0,0,0,1,1,1,0,0,1,1,0.940814457,222,12.81615951,43,4,0.515016496,0,0.791798839,22,1171,444,Coronavirus: Gilead's Remdesivir receives FDA approval to treat COVID-19 patients.mp4,TRUE,TRUE,FALSE,20.35483871,6,186,108,3,0,21,350,0,0.007566347,0.004517222,0,0,443000,124804031,0,9738,0.07715167498,0.3015113446,0.03696106355
VIZouD5qaLM.mp4,1,0,0,1,1,1,0,0,1,1,0.886833375,208,10.23316907,48,1,0.411988854,0,0.843055097,23,1073,436,How Covid-19 contact tracing can help beat the pandemic.mp4,TRUE,TRUE,FALSE,24.24377551,4,147,99,3,0,18,355,1,0.002951693,0.009203043,515,0,1470000,465546301,0,6765,0.1490711985,0.4364357805,0.06119900614
PQ3HSg2H1qU.mp4,1,0,1,1,0,1,0,1,1,1,0.862367826,186,4.361394249,60,2,0.554675415,0,0.713225269,17,881,369,Surviving coronavirus  What happens after you recover from covid-19.mp4,TRUE,TRUE,FALSE,13.03391753,5,97,70,4,0,9,356,2,0.005553077,0.001487431,907,0,1490000,762876565,0,16554,0.1091089451,0,0.04145133361
mDRKT4JrBAM.mp4,1,1,1,1,1,1,1,1,1,1,0.958726477,138,9.765006719,42,5,0.61347127,0,0.79952584,17,815,398,Protective measures against Coronavirus  COVID-19  aumsum kids science education children.mp4,TRUE,TRUE,FALSE,11.85140511,8,137,92,4,0,24,357,13,0.009566363,0.000545558,0,0,1990000,482535150,0,863,0.1195228609,0.4714045208,0.0634680816
DaF8TvBZYjE.mp4,0,0,0,0,1,0,0,1,1,1,0.896338714,200,13.44388524,38,1,0.377174556,0,0.866598959,16,1042,407,Whatæè«æ_èª£__æè«èª£é·s the infection rate of Covid19 in children - BBC Newsnight.mp4,TRUE,TRUE,FALSE,12.95433939,11,225,146,4,0,28,358,4,0.007724347,0.004240818,72,0,624000,256292076,0,3357,0.0700140042,0.2132007164,0.05488212999
U_5igBy5L3s.mp4,0,0,0,0,0,0,0,0,1,0,0.948860247,179,11.14921986,45,4,0.512921438,1,0.827947028,14,987,401,Depression increased anxiety linked to COVID-19 news consumption: Study.mp4,TRUE,TRUE,FALSE,16.23508475,5,118,81,3,0,11,358,1,0.006125574,0.000656312,19,0,1120000,435525563,0,17347,0.1906925178,0.4714045208,0.06405126152
84vGICi0Gt0.mp4,1,0,0,1,0,0,1,0,1,0,0.915877317,208,7.527626046,62,1,0.38056311,0,0.666195558,19,1183,497,Tracking COVID-19 and MORE.mp4,TRUE,TRUE,FALSE,21.97526171,3,121,86,2,0,6,359,0,0.04442154,0.001908365,951,0,3970000,463196598,0,189,0,0.5773502692,0.03466876226
Qa7ixw01OiU.mp4,1,0,0,1,1,1,0,1,0,1,0.820667825,214,10.98055442,44,7,0.501434769,0,0.861058574,15,1065,362,Watch out for these gastrointestinal symptoms common in COVID-19 patients  HOUSTON LIFE  KPRC 2.mp4,TRUE,TRUE,FALSE,17.27117647,2,51,43,2,0,8,360,0,0.004953091,0.000407902,23,0,3220,1341957,0,2426,0.254000254,0.4472135955,0.06666666667
5LR1liT22uo.mp4,0,0,0,0,0,0,0,0,1,1,0.926824837,212,9.194770548,48,15,0.607741125,0,0.842674128,15,1095,427,El Paso struggling with COVID-19 surge as cases rise across the country.mp4,TRUE,TRUE,FALSE,14.57333333,1,27,24,2,0,5,360,0,0.009352116,0.015645678,1118,0,10300000,8558869420,0,56016,0.2236067977,0.3333333333,0.06234796864
LbrSZXqLUok.mp4,0,0,0,0,1,1,0,1,0,1,0.863980403,200,2.659206983,83,7,0.554969515,0,0.734898602,14,969,407,What happens at a drive-thru COVID-19 test centre.mp4,TRUE,TRUE,FALSE,16.23582474,4,97,74,3,0,11,360,0,0.003484956,0.000538252,0,0,875000,467791879,0,16808,0.2085144141,0.5773502692,0.06385508568