id,manual_medical_info,understandability,recommendation,OCR_confidence,active_verb_x,readability_x,sentence_count_x,shot_count,shotchange_confidence,summary_words_x,transcript_confidence,transition_words_x,word_count_x,word_unique_x,has_title,has_description,has_tags,medical_term_unique_count,readability_y,sentence_count_y,word_count_y,word_unique_y,transition_words_y,summary_words_y,active_verb_y,video_duration,Unnamed: 0,unique_term_count
elJuUGruxOU,1,1,1,0.922689274,29,14.86195652,5,8,0.535615448,0,0.53659298,8,138,107,TRUE,TRUE,FALSE,2,12.98342105,2,38,35,2,0,6,64,243,5
nMLRpJDXR-4,1,0,0,0.934719976,220,8.986541161,62,3,0.675232708,0,0.82856978,18,1250,350,TRUE,TRUE,FALSE,0,2.886666667,3,36,27,1,0,2,349,189,2
cdNfI0UY4Vc,1,1,0,0.834566262,53,6.941046512,20,2,0.412780151,0,0.852381587,10,344,194,TRUE,TRUE,FALSE,34,7.746245029,28,467,247,7,0,75,115,282,54
1EgwmPBxNls,1,1,0,0.88513789,567,9.833936904,153,11,0.49224779,0,0.8239457,26,3222,856,TRUE,TRUE,FALSE,15,15.25520833,9,144,114,4,0,17,1125,199,19
F8wJay49uHc,1,1,1,0.918522171,159,11.95076471,48,2,0.586390629,0,0.810361627,17,1020,430,TRUE,TRUE,FALSE,31,12.73783791,13,280,160,4,0,27,400,297,42
1Ow0kQrUIu0,1,1,1,0.968539318,22,21.22716895,3,1,0.359793127,0,0.537591624,5,146,94,TRUE,TRUE,FALSE,6,8.447142857,5,70,57,3,0,12,55,147,7
K5aOxEiw2Yw,1,0,0,0.849214315,281,14.7968283,63,12,0.596813629,2,0.767171787,21,1803,579,TRUE,TRUE,FALSE,0,5.543768116,3,23,21,1,0,3,565,146,1
fWqtOhe3_EQ,0,0,0,0.912932388,85,1.876804636,40,8,0.406483434,0,0.752829283,11,453,199,TRUE,FALSE,FALSE,0,0,0,0,0,0,0,0,261,130,0
rfpZGGFpNwo,0,0,0,0.889989974,0,0,0,2,0.541519582,0,0,0,0,0,TRUE,TRUE,FALSE,69,9.214571762,42,571,306,8,0,45,296,287,96
eKLqFnAmK6c,1,1,1,0.908199337,46,13.3227619,15,1,0.344605058,0,0.801125919,5,315,159,TRUE,TRUE,FALSE,14,15.15103448,5,87,72,3,0,8,194,228,19
m2f-wY0C_1Q,1,1,1,0.926387824,60,6.576058597,19,2,0.396606192,0,0.613779162,10,397,195,TRUE,TRUE,FALSE,11,11.35393939,5,99,69,2,0,11,143,127,14
evTPyEHDjj4,1,1,1,0.958824343,88,9.55905506,21,2,0.418762073,0,0.861683503,10,448,204,TRUE,TRUE,FALSE,1,12.3625,1,4,4,0,0,0,177,268,2
SExZiM3DQDw,0,0,0,0.804849421,0,0,0,3,0.695825438,0,0,0,0,0,TRUE,FALSE,FALSE,0,0,0,0,0,0,0,0,305,35,0
VBraB8Oe9Fk,1,1,1,0.952606461,137,13.76821587,37,1,0.514177859,0,0.845457645,16,948,377,TRUE,TRUE,FALSE,10,24.934,2,90,63,2,0,12,390,31,20
7FMHGZDpRDs,0,0,0,0.903821978,0,0,0,1,0.344605058,0,0,0,0,0,TRUE,TRUE,FALSE,72,9.21188935,52,593,331,11,0,53,670,40,73
ERjaPPoG-rA,1,1,1,0.972161882,306,10.37767094,70,13,0.549232357,3,0.781353012,15,1615,401,TRUE,TRUE,FALSE,15,28.25909091,3,132,103,2,0,11,501,63,25
gtJIwWG7eEs,1,1,1,0.891641022,115,11.52282087,29,1,0.443699658,0,0.761674064,10,698,301,TRUE,TRUE,FALSE,6,22.6994186,4,129,74,4,0,15,280,15,7
UgOAqL6IhlA,1,1,1,0.864053591,57,16.65228,12,7,0.549552747,0,0.876062125,12,375,202,TRUE,FALSE,FALSE,0,0,0,0,0,0,0,0,160,148,0
ayFwQuUD6kM,1,1,1,0.830341526,87,11.81757471,22,1,0.791932881,0,0.620644017,11,578,258,TRUE,FALSE,FALSE,0,0,0,0,0,0,0,0,160,54,1
VijuY8YAoc8,1,0,1,0.867115971,161,5.554414894,40,1,0.305034965,0,0.563835409,17,705,286,TRUE,TRUE,FALSE,8,13.51,4,66,54,2,0,5,297,160,10
QqNOlH49vvk,1,1,1,0.962339781,19,12.88863354,7,12,0.557647598,1,0.854953011,9,161,108,TRUE,TRUE,FALSE,3,18.56896552,1,29,26,1,0,2,85,240,4
3I8q4kF4TVM,1,1,1,0.917412396,44,14.48144488,9,4,0.6716851,0,0.658268496,6,253,123,TRUE,TRUE,FALSE,3,18.56896552,1,29,26,1,0,2,85,60,11
0bQEos0fNMY,0,0,0,0.895532995,0,0,0,1,0.330007106,0,0,0,0,0,TRUE,FALSE,FALSE,0,0,0,0,0,0,0,0,349,50,0
wdnX0Rfa_tg,1,1,1,0.986434684,64,10.44695021,20,0,0,0,0.823412657,12,482,185,TRUE,TRUE,FALSE,4,8.807835821,4,67,43,3,0,6,195,204,6
ZRJKXesbR2A,1,0,0,0.907767236,30,10.70643474,9,7,0.662869513,0,0.687710154,8,206,99,TRUE,TRUE,FALSE,15,18.54469608,12,340,196,7,0,36,129,33,21
V5eVbt9uPLo,1,1,1,0.953542519,29,7.315084034,14,1,0.315447241,0,0.782775978,7,238,124,TRUE,TRUE,FALSE,5,10.10007692,4,65,53,2,0,15,97,206,11
ZWyLzlYuucs,1,0,0,0.832888064,105,14.05662093,22,14,0.570448867,0,0.696527999,12,636,261,TRUE,TRUE,FALSE,5,7.572352941,3,51,40,1,0,10,260,26,7
MQoz8DDExIQ,1,1,1,0.913491328,52,3.258599542,23,2,0.469256714,0,0.678937817,10,285,165,TRUE,TRUE,FALSE,8,14.0525614,6,95,69,5,0,13,103,12,12
6oGu4Dc3Cbs,1,1,1,0.885960985,59,9.272971698,16,1,0.322816908,0,0.69446454,13,318,178,TRUE,TRUE,FALSE,4,7.388153846,5,65,57,3,0,11,122,53,5
_G0IY6_qBxg,0,0,0,0,91,7.887365862,24,4,0.450273387,0,0.632575306,14,497,266,TRUE,TRUE,FALSE,0,2.62,1,1,1,0,0,0,208,182,0
ZzyjY3ic3OM,1,0,0,0.92165626,557,8.59790106,143,12,0.56315098,1,0.792516355,25,2896,701,TRUE,TRUE,FALSE,3,14.82029412,4,34,28,1,0,3,1014,72,3
8iXxVdLnbvk,1,1,1,0.971850166,74,13.85543155,21,16,0.572145628,0,0.76136258,10,576,252,TRUE,TRUE,FALSE,5,11.98173913,2,46,41,3,0,6,252,213,5
4ijW7ljg3OQ,1,1,1,0.832922702,200,3.8217929,59,0,0,0,0.693806782,14,877,334,TRUE,TRUE,FALSE,2,12.446,1,15,15,2,0,3,306,154,3
ytIUHr26hsw,0,0,0,0.994635061,0,0,0,5,0.619926506,0,0,0,0,0,TRUE,TRUE,FALSE,8,11.24338235,4,68,49,5,0,8,328,250,13
z15vrEL-Px8,1,0,0,0.891429395,26,29.64554795,4,1,0.330007106,0,0.891036073,6,219,136,TRUE,TRUE,FALSE,7,18.22774194,2,62,52,3,0,6,89,280,11
XJtv8Ik1K7Q,1,0,0,0.911754684,1083,15.65658291,244,10,0.548608461,1,0.842151444,29,7041,1295,TRUE,TRUE,FALSE,10,20.63152893,4,121,91,4,0,17,3135,151,22
WWbeQCUh418,1,1,1,0.98541475,46,12.59157799,16,2,0.310937136,0,0.673428449,6,343,194,TRUE,TRUE,FALSE,3,23.03729958,3,79,69,2,0,7,86,52,64
toV3Wj63IvA,1,1,1,0.911349122,33,11.17440758,10,6,0.51469261,0,0.587558553,5,211,122,TRUE,TRUE,FALSE,3,23.03729958,3,79,69,2,0,7,86,202,3
k8a5Phx2xSM,1,0,0,0.832332497,481,6.102182563,152,4,0.704693317,1,0.690153706,26,2555,656,TRUE,TRUE,FALSE,7,12.81955975,3,53,45,2,0,7,1819,17,13
6nJyJlE9iQ8,1,0,0,0.824261724,69,17.4626383,25,2,0.65339382,0,0.716428,12,705,342,TRUE,TRUE,FALSE,1,12.73214286,2,42,41,2,0,7,320,308,0
mgFHUHVIx70,0,1,0,0.824291614,160,5.062102273,44,1,0.757508874,1,0.826258881,14,704,275,TRUE,TRUE,FALSE,4,12.14903226,2,31,30,3,1,6,255,221,5
6Q0uzLcbrWY,1,1,1,0.878690468,121,8.06545115,37,2,0.381267592,0,0.650671144,10,644,242,TRUE,TRUE,FALSE,43,12.58730708,23,573,295,6,0,73,200,305,45
AxwYW_8rxUQ,1,1,0,0.934134983,94,9.130179558,24,8,0.509623609,0,0.72940792,16,543,238,TRUE,TRUE,FALSE,9,12.65355311,6,91,71,2,0,17,236,87,10
d7BzuMO76ss,0,1,1,0.886888979,172,7.458800193,43,3,0.585401326,0,0.835069591,20,867,357,TRUE,TRUE,FALSE,20,14.56336735,10,196,134,6,0,22,282,214,23
Z7-XLtCXqg4,1,1,1,0.941203118,112,10.37646465,27,6,0.520584812,0,0.678376655,14,594,269,TRUE,TRUE,FALSE,2,20.20307692,2,39,36,2,0,5,276,109,4
sW0nH948m9E,0,0,0,0.972030182,29,3.387142857,10,5,0.456806982,0,0.711822322,5,133,85,TRUE,TRUE,FALSE,17,13.00895582,6,83,65,4,0,9,94,13,16
hKA6oK6t62w,0,0,0,0.782718194,645,4.647372777,207,4,0.682508372,0,0.58849254,30,3168,706,TRUE,TRUE,FALSE,13,11.77861472,6,77,64,4,0,9,1633,44,18
UgZFWWG9yTs,0,0,0,0.961042435,134,5.529655307,75,1,0.435823441,0,0.707124708,10,851,574,TRUE,TRUE,FALSE,7,34.0825,2,120,95,2,0,7,705,233,8
y78xKTf6ANo,1,1,1,0.852279976,53,9.250215564,17,1,0.443699658,0,0.869086578,9,322,186,TRUE,TRUE,FALSE,46,9.647687075,25,441,251,10,0,69,117,256,56
TLHz1KNkSS4,1,0,0,,69,13.36774603,35,4,0.502955131,4,0.829339844,10,675,296,TRUE,TRUE,FALSE,3,11.72590909,4,66,59,1,0,8,299,123,4
SNS4uE3e_0o,1,1,1,0.889190626,122,8.058165144,42,1,0.491419017,0,0.864307523,8,688,315,TRUE,FALSE,FALSE,0,0,0,0,0,0,0,0,254,18,0
pMtnDE7sD3g,1,0,0,0.89305353,586,14.72404652,123,9,0.531200306,0,0.817803861,24,3749,801,TRUE,TRUE,FALSE,7,14.84514706,4,68,57,2,0,3,1242,302,9
1H5vuQzp4As,1,1,1,0.969843893,71,19.32462727,16,1,0.314953595,0,0.821045235,10,550,235,TRUE,TRUE,FALSE,6,13.69230769,2,26,26,2,0,2,252,224,8
wmeZXlVObTw,1,0,0,0.901025216,133,7.040262128,54,4,0.600309335,0,0.673839253,11,852,288,TRUE,TRUE,FALSE,11,23.32872759,7,247,158,4,0,21,332,174,19
4Kj-Ac3dAPk,1,0,0,0.812637046,54,19.7404914,11,1,0.623155057,0,0.741447501,11,407,209,TRUE,TRUE,FALSE,0,13.94666667,1,9,9,1,0,1,181,279,0
N69c7em74Y0,1,0,0,,47,9.256415701,12,7,0.523879055,0,0.828829899,8,259,140,TRUE,TRUE,FALSE,10,14.557,5,60,48,2,0,7,104,179,17
K5JL3c7kdxU,1,0,0,0.780872134,18,12.08188679,4,11,0.538957539,0,0.816335827,4,106,65,TRUE,FALSE,FALSE,0,0,0,0,0,0,0,0,43,71,0
ZeFr6Uc75-Q,1,0,0,0.880180449,246,8.943338028,71,3,0.500057091,0,0.843357196,21,1570,445,TRUE,TRUE,FALSE,2,13.358125,1,16,16,1,0,2,514,274,2
w_5Gvj8w4s8,1,1,1,0.918167117,197,7.025913621,63,2,0.577096611,0,0.732105148,19,1161,386,TRUE,TRUE,FALSE,1,8.610625,4,48,33,3,0,9,445,28,1
MlPkZoM_eX0,1,1,1,0.958948663,120,15.56708782,34,2,0.471708968,1,0.636100997,18,852,360,TRUE,TRUE,FALSE,9,12.82648148,8,162,113,4,0,15,372,306,17
B_z0hBtK1Ns,1,1,0,0.907717067,0,0,0,7,0.508899289,0,0,0,0,0,TRUE,TRUE,FALSE,182,11.50575689,46,793,347,14,0,105,41,191,226
0C0Z5qjpRxU,1,1,1,0.828953375,28,20.4715,4,5,0.602871108,0,0.603924652,8,160,82,TRUE,TRUE,FALSE,7,13.77570513,3,52,45,4,0,5,63,83,8
pdhuw8tMzSI,1,0,1,0.947622409,49,16.14943831,12,13,0.484498178,0,0.717887739,10,362,177,TRUE,TRUE,FALSE,10,15.97034483,4,116,81,3,0,12,128,201,10
HxUzOkXVIzM,1,1,1,0.86761761,56,14.57568838,14,2,0.490051508,0,0.855758687,10,386,195,TRUE,TRUE,FALSE,6,10.19054422,3,49,41,4,0,8,159,37,12
MdiI6-_kj-w,1,1,1,0.966238038,75,10.72486014,22,1,0.363961428,1,0.788478321,15,546,231,TRUE,TRUE,FALSE,6,8.447142857,4,56,49,2,0,5,198,234,6
yc1AxrrXLJ0,0,0,0,0.868253811,761,2.448101651,255,9,0.514358375,0,0.748191904,34,3420,705,TRUE,TRUE,FALSE,8,6.718214286,7,84,70,8,0,12,1752,114,10
a5vdu5L9pu8,1,0,1,0.852154155,86,15.9710625,15,7,0.674859515,0,0.843032292,9,480,229,TRUE,TRUE,FALSE,12,11.55657051,6,104,81,4,0,16,175,275,20
J2sto4h8ok8,0,0,0,0.999520445,0,16.75,1,5,0.424853468,0,0.182567716,0,1,1,TRUE,TRUE,FALSE,0,13.04,1,3,3,0,0,0,38,142,0
Q5Zo2WaHV7c,1,1,1,0.866479179,152,8.498886898,48,5,0.623791975,0,0.858209279,14,907,367,TRUE,TRUE,FALSE,69,11.45104333,31,717,307,14,0,105,370,58,90
WQFN5LCXHZ8,0,0,0,0.863188265,0,0,0,1,0.379776269,0,0,0,0,0,TRUE,TRUE,FALSE,3,15.97615385,2,39,34,2,0,2,244,227,3
SWd7onzmAPo,1,0,0,0.926736148,485,8.63811987,129,6,0.511432881,1,0.866583207,25,2582,595,TRUE,TRUE,FALSE,2,8.159369369,3,37,35,1,0,7,901,175,3
3XUlRmB9wFM,1,1,1,0.896682141,56,11.08833333,15,9,0.611540351,0,0.641478486,5,324,189,TRUE,TRUE,FALSE,7,13.03103774,5,106,81,2,0,13,132,281,8
TN8jb7Gfsoc,0,0,0,0.843926348,346,3.723950159,109,10,0.454434276,0,0.808095089,20,1692,493,TRUE,TRUE,FALSE,0,17.45625,1,24,14,0,0,0,538,102,0
lq40QXTR4IY,1,0,0,0.757633716,19,7.627328244,10,7,0.422396894,0,0.780187845,6,131,77,TRUE,TRUE,FALSE,15,11.6319403,5,67,54,2,0,5,68,220,20
9WEDuGXU-T4,1,0,1,0.787571601,91,11.49272681,21,6,0.569118202,0,0.754622923,14,464,233,TRUE,TRUE,FALSE,8,12.04607287,13,228,166,7,0,21,180,139,13
JoP3x17jeyc,0,0,0,0.876686866,0,0,0,6,0.40244394,0,0,0,0,0,TRUE,TRUE,FALSE,1,19.18,1,9,9,1,0,0,30,226,2
A6v-y6hr4EQ,1,1,1,0.813366023,137,15.03526156,38,4,0.438123882,1,0.820322931,15,987,434,TRUE,TRUE,FALSE,1,9.49375,2,24,24,2,0,4,528,193,1
aZKrYLBArvo,1,1,1,0.990190878,55,13.70452489,13,14,0.530474092,0,0.64796803,6,306,168,TRUE,TRUE,FALSE,5,12.88197279,3,49,37,2,0,4,123,165,7
VUx2ktLqJ3E,1,0,0,0.85921249,103,13.56351913,20,0,0,0,0.85403433,14,601,241,TRUE,TRUE,FALSE,5,12.88197279,3,49,37,2,0,4,123,167,4
WyO2E6TMJ54,1,1,0,0.951003498,0,0,0,2,0.497690588,0,0,0,0,0,TRUE,TRUE,FALSE,54,8.375998985,27,365,228,14,0,46,173,241,57
zW0m4zsZkxw,0,1,0,0.973525193,16,4.206691635,9,2,0.501768723,0,0.415344164,3,89,71,TRUE,TRUE,FALSE,7,9.149,2,30,26,2,0,3,74,51,7
zD_lhi1eaQI,0,0,0,0.99130399,0,0,0,2,0.563729137,0,0,0,0,0,TRUE,TRUE,FALSE,7,11.97781421,3,61,50,4,0,8,197,283,9
40nTTLaWjG0,0,0,0,0.957391585,382,6.669978876,158,4,0.613497958,0,0.600107169,21,2319,797,TRUE,TRUE,FALSE,0,25.721875,1,16,16,0,0,0,3807,43,0
ERb5OT__bvE,0,0,0,0.860449196,94,-0.951347161,52,4,0.560781434,0,0.557737978,8,382,191,TRUE,TRUE,FALSE,3,12.12,1,20,19,1,0,2,396,261,6
Wb0bFGXwdVs,1,0,0,0.823362881,503,9.442641741,117,4,0.402749278,2,0.828701735,23,2390,607,TRUE,TRUE,FALSE,68,11.3251238,41,395,239,8,1,50,804,184,79
IT_KqaPHPkM,1,1,1,0.786037665,53,20.38,8,1,0.517690003,0,0.691551769,11,314,149,TRUE,TRUE,FALSE,8,20.592,2,45,38,2,0,6,107,141,12
kNCEbDurCRk,1,1,1,0.889594744,69,9.536743215,25,5,0.589492047,0,0.643529549,11,479,230,TRUE,TRUE,FALSE,9,20.80324201,3,73,58,2,0,10,232,3,12
Ch6eGrwtLxc,0,0,0,0,0,0,0,4,0.507756189,0,0,0,0,0,TRUE,TRUE,FALSE,0,9.760909091,1,11,11,0,0,0,79,36,0
xCmnWsAqMlw,1,0,0,0.798090292,74,8.394334427,24,3,0.752056658,1,0.5651491,9,457,218,TRUE,TRUE,FALSE,0,13.07769231,2,39,34,2,0,2,228,6,1
g78t1jzFvZo,0,0,0,0.916725646,0,0,0,2,0.369679496,0,0,0,0,0,TRUE,TRUE,FALSE,5,11.14538462,2,39,36,2,0,4,132,229,11
v-H0rfJ6caY,1,1,1,0.888410133,202,12.71583025,56,1,0.442303598,0,0.759115691,16,1235,475,TRUE,TRUE,FALSE,1,10.2671875,2,32,30,4,0,3,530,32,5
nnLCEKe9_CQ,1,0,0,0.931753101,81,16.8718915,25,4,0.669885933,1,0.797202516,15,682,349,TRUE,TRUE,FALSE,0,10.73666667,3,36,36,2,0,6,390,288,0
at8_-af-Zzk,1,0,0,0.923987477,391,8.683013595,117,3,0.590906729,1,0.774372008,25,2235,642,TRUE,TRUE,FALSE,10,24.52602241,3,119,81,3,0,5,885,295,21
iefghc2g91M,1,1,1,0.818322276,149,11.82459591,53,4,0.447964802,1,0.844208934,22,1080,318,TRUE,TRUE,FALSE,0,13.185,1,8,8,1,0,0,539,217,0
7POaUmrHVpA,1,0,0,0.965466015,0,0,0,5,0.721311045,0,0,0,0,0,TRUE,FALSE,FALSE,0,0,0,0,0,0,0,0,244,38,0
T7MyLvn2roE,1,0,0,0.976727829,109,13.89925858,23,12,0.515495909,0,0.735263145,13,665,253,TRUE,TRUE,FALSE,10,12.17043478,4,46,40,1,0,6,241,301,11
h4-qkYKuXY8,1,0,0,0.833118778,309,7.633921055,88,3,0.436680774,0,0.750852726,20,1702,491,TRUE,TRUE,FALSE,5,17.54954545,2,66,50,3,0,2,695,284,2
CjQoe2FtBwg,1,1,1,0.856601169,75,9.865479452,20,9,0.595977883,0,0.735595661,8,438,212,TRUE,TRUE,FALSE,79,13.20924682,30,655,309,13,0,91,176,66,106
OKk4PANNOnw,1,1,1,0.877462533,25,13.10109091,6,2,0.511598498,0,0.858709425,8,165,106,TRUE,TRUE,FALSE,7,12.73552632,2,38,36,3,0,8,61,121,7
z90npBXTRhM,1,1,1,0.906301202,112,11.0693913,23,11,0.579443417,0,0.763614145,12,585,246,TRUE,TRUE,FALSE,1,12.132,1,15,15,2,0,1,197,132,1
t235DBa-93M,1,0,0,0.847123601,61,15.46934314,12,7,0.621307863,0,0.279257053,8,340,192,TRUE,TRUE,FALSE,3,8.410387597,3,43,39,1,0,4,195,236,5
JMApMBY0CfQ,1,1,1,0.954636397,74,15.79285714,21,3,0.321587682,0,0.791861278,14,546,237,TRUE,TRUE,FALSE,4,10.50689655,2,29,27,2,0,2,262,215,6
671r8qc49g0,1,0,0,0.885310887,134,3.825188241,52,8,0.598670479,0,0.854958482,19,662,298,TRUE,TRUE,FALSE,6,13.18036036,3,74,52,4,0,8,255,104,3
WaYEL4lM0HM,1,1,1,0.964552516,5,16.90164179,2,9,0.481645183,0,0.427489474,4,67,48,TRUE,TRUE,FALSE,5,9.973529412,3,51,47,3,0,7,41,242,7
WtJO4qGUIzQ,0,0,0,0.793411801,1,-2.858571429,2,4,0.642540738,0,0.028317572,0,7,7,TRUE,TRUE,FALSE,1,20.634,1,5,5,1,0,0,730,42,2
u3jTjYkhtSg,1,1,1,0.84665757,67,10.11284103,18,2,0.494703755,0,0.905282319,6,404,213,TRUE,TRUE,FALSE,3,6.885528455,3,41,38,3,0,6,147,9,3
KejZtxIytjw,0,1,0,0.893262499,180,8.013864984,51,2,0.361849904,0,0.827657908,16,946,379,TRUE,TRUE,FALSE,4,13.2975,2,40,34,2,0,7,353,136,5
sc-o9tHBSBI,0,0,0,0,0,-6.8,1,1,0.545392871,0,0.241505404,0,1,1,TRUE,FALSE,FALSE,0,0,0,0,0,0,0,0,23,134,0
IoVqQrRlu6g,0,0,0,0.815297246,28,-1.181540616,21,5,0.469008243,0,0.648962122,2,119,81,TRUE,TRUE,FALSE,2,2.855319444,9,80,62,5,0,16,116,145,2
BlpTC0tYpS0,1,0,0,0.884786837,205,7.672504498,55,5,0.469122165,0,0.851892358,19,1061,409,TRUE,TRUE,FALSE,18,17.2139312,11,333,195,7,1,32,280,138,22
tL_9Gnz01Kw,0,0,0,0.80775461,0,0,0,4,0.4411605,0,0,0,0,0,TRUE,TRUE,FALSE,1,9.83,3,18,17,0,0,2,292,39,4
GyO3umGC1Mo,1,1,1,0.97765748,51,13.15220449,17,0,0,0,0.844790118,9,317,186,TRUE,TRUE,FALSE,6,14.2104,2,25,22,2,0,3,162,260,7
CHMl3PP8LJA,1,1,1,0.871490203,51,17.52966667,8,0,0,0,0.89882718,8,270,153,TRUE,TRUE,FALSE,41,11.35941043,18,343,204,5,0,52,109,161,58
8qgkfE9PwLs,1,0,0,0.86695436,370,15.4336117,104,4,0.46841114,1,0.871883585,26,2847,874,TRUE,TRUE,FALSE,1,21.59589041,2,73,43,2,0,6,1112,218,2
k9Q6wtyQ1r4,1,0,0,0.88597193,13,11.59181818,5,3,0.568634808,0,0.893932492,6,99,66,TRUE,TRUE,FALSE,3,17.25367347,2,49,39,1,0,3,43,178,4
bEE9wsRym90,1,1,1,0.82366312,50,11.07990476,15,0,0,0,0.839124787,8,315,152,TRUE,TRUE,FALSE,3,11.0995,3,60,46,3,0,6,132,74,6
ACiv8N8e13E,0,1,0,0.956650138,431,15.69501186,98,5,0.501791763,1,0.737229177,31,2908,856,TRUE,TRUE,FALSE,6,7.9715,4,60,45,4,0,11,1052,185,9
a28oRPUcxJg,1,1,0,0.805489025,57,7.322198748,18,3,0.489476631,0,0.834764943,12,284,165,TRUE,TRUE,FALSE,37,8.115416667,24,360,207,12,0,64,110,159,57
BVocXp-CYHU,1,1,1,0.857020842,97,3.018950311,35,7,0.457176323,0,0.745673161,15,460,218,TRUE,TRUE,FALSE,4,9.546428571,4,63,48,3,0,5,201,21,8
bwzldXitfEA,1,0,0,0.853696962,761,9.391894504,232,8,0.637089666,1,0.839624642,38,4757,1010,TRUE,TRUE,FALSE,3,13.10736842,2,38,36,1,0,1,1938,200,2
0A8hA6ocayc,1,0,0,0.947636199,187,9.021237294,38,6,0.578431398,0,0.76618737,16,932,300,TRUE,TRUE,FALSE,3,10.00791667,4,72,61,4,0,11,238,67,4
ijpFaptEGN8,1,1,1,0.977624416,89,13.87093596,40,4,0.449145101,1,0.811922363,18,812,359,TRUE,TRUE,FALSE,4,13.42333333,2,18,15,2,0,0,411,194,5
PWN4uZSWZ9U,1,0,0,0.871541098,130,12.76635295,41,9,0.589060797,2,0.834265828,17,998,370,TRUE,TRUE,FALSE,5,24.16692308,2,65,59,2,0,4,387,79,9
r07483YaQEA,1,1,1,0.877848802,19,7.653023256,5,4,0.58714737,0,0.836297423,7,86,63,TRUE,TRUE,FALSE,1,12.05780142,3,47,42,2,0,6,32,266,2
j9vHsuAxTOU,1,0,0,0.872070956,501,12.84372129,133,10,0.609239647,1,0.798706263,33,3494,775,TRUE,TRUE,FALSE,8,18.27163462,5,104,80,2,0,12,1243,203,17
2ML78wLmVaA,1,0,0,0.868643685,0,0,0,2,0.568498865,0,0,0,0,0,TRUE,FALSE,FALSE,0,0,0,0,0,0,0,0,200,7,0
skkjTKB65G0,1,1,1,0.796007654,68,11.40677809,19,3,0.610107432,0,0.849230136,8,444,168,TRUE,TRUE,FALSE,54,9.679559748,27,477,195,9,0,71,169,61,62
PEOrm_mLqKo,1,0,0,0.980919433,0,0,0,9,0.524635467,0,0,0,0,0,TRUE,TRUE,FALSE,11,10.1055974,7,110,83,4,1,15,215,91,14
zHCzI8Ag3Nc,0,0,0,0.827219325,1483,6.464021317,328,14,0.570100678,0,0.827144834,32,6746,1008,TRUE,TRUE,FALSE,3,12.82071429,2,28,27,2,0,2,1772,265,6
ir4O7Z9d944,0,1,0,0.950878555,163,16.33601898,24,1,0.740294516,1,0.858802849,18,808,360,TRUE,TRUE,FALSE,12,13.78864865,4,74,63,2,0,11,290,223,17
k41P0QUGUpo,1,0,0,0.875247774,93,19.81165275,19,6,0.470886121,1,0.76436173,13,706,254,TRUE,TRUE,FALSE,0,10.73695652,2,23,23,0,0,4,288,259,0
K1BUhr3CLmk,1,1,1,0.92789964,55,9.814868035,22,1,0.662633538,0,0.764021226,8,372,194,TRUE,TRUE,FALSE,8,16.72924658,4,73,61,4,0,8,190,11,12
3RixOZumXss,1,1,1,0.895608861,81,12.1320308,23,3,0.331681897,0,0.765364601,12,559,245,TRUE,TRUE,FALSE,6,12.54139535,2,43,36,3,0,6,225,62,7
pJDpth8IZxg,1,0,0,0.87962653,106,7.803640562,48,3,0.387883971,1,0.780595967,18,830,293,TRUE,TRUE,FALSE,2,0.2325,2,16,16,2,0,2,464,303,2
hw_6GasJdEo,0,0,0,0.811299706,0,2.62,1,3,0.733929495,0,0.051636275,0,1,1,TRUE,TRUE,FALSE,2,5.62,1,7,7,1,0,0,156,46,1
zFdT3otYVL4,1,1,1,0.877568822,133,6.423513514,37,9,0.567168156,0,0.784444988,12,667,250,TRUE,TRUE,FALSE,0,14.49882353,1,17,17,3,0,3,212,264,0
j3rLNol3wpY,1,1,1,0.836535496,40,16.08945652,8,4,0.610266827,0,0.847471833,9,253,156,TRUE,TRUE,FALSE,35,11.09504644,17,323,206,8,0,43,100,245,46
TlMHy1zwW1w,1,1,1,0.867927437,40,11.58822394,14,1,0.315742821,0,0.891461357,7,259,168,TRUE,TRUE,FALSE,40,9.931264706,25,340,212,8,0,45,104,222,52
p9uOPQbSbZo,1,0,0,0.971512979,14,15.80838462,5,5,0.550330859,0,0.762129188,3,130,86,TRUE,TRUE,FALSE,6,8.395517241,4,58,45,3,0,4,88,244,10
yAo9UHvPZ3A,1,1,1,0.954093073,150,13.00501006,40,0,0,0,0.88020128,18,994,361,TRUE,TRUE,FALSE,8,15.53724138,3,87,63,3,0,15,384,92,11
I02XUD3AnQU,1,0,0,0.91850326,385,15.50140206,100,9,0.508270919,1,0.827576811,30,2910,896,TRUE,TRUE,FALSE,6,11.55611111,3,54,48,2,0,1,1185,289,8
QUUMvfkDvEY,1,1,0,0.92549159,849,11.46690376,183,17,0.592285314,0,0.837474314,34,4637,909,TRUE,TRUE,FALSE,8,12.37522013,3,53,43,4,0,8,1546,80,12
pMPLnrGj-qA,1,1,1,0.922658275,157,16.69133532,34,18,0.57984674,0,0.722150442,17,1048,389,TRUE,TRUE,FALSE,9,18.12767442,2,43,36,2,0,2,526,254,16
7HgEAHlRjYU,1,1,0,0.923974142,469,16.06688661,100,0,0,1,0.832010695,29,3069,946,TRUE,TRUE,FALSE,29,16.01962685,29,767,345,10,0,91,1266,140,45
bQ0Ee2z7Yyk,1,0,0,0.844450634,56,5.878704747,22,2,0.454826757,0,0.838717505,11,339,196,TRUE,TRUE,FALSE,31,7.883993007,26,440,244,10,0,72,116,286,44
ARXTIFnXL5o,1,0,0,0.840320451,238,4.201737158,68,14,0.507552177,1,0.76140369,20,1057,346,TRUE,TRUE,FALSE,3,5.956666667,3,45,36,2,0,6,409,107,5
9Bthhyge3FY,1,1,0,0.995660651,17,9.05130137,4,11,0.599243603,0,0.721227944,3,73,48,TRUE,TRUE,FALSE,6,8.982307692,2,26,24,1,0,1,32,247,6
hrpFlnSLBW8,0,0,0,1,0,0,0,7,0.392588113,0,0,0,0,0,TRUE,TRUE,FALSE,14,12.14235849,5,106,70,5,0,16,63,29,19
X-jEhE10ZfY,1,1,1,0.88134569,95,6.788374213,34,3,0.46295475,0,0.869655887,11,542,232,TRUE,TRUE,FALSE,4,10.87658537,2,41,35,2,0,10,165,16,6
aluv5CnAn0w,1,0,1,0.883666537,26,8.532407407,9,7,0.672580596,0,0.847803692,3,162,92,TRUE,TRUE,FALSE,2,13.66764706,1,17,17,1,0,1,66,111,2
j0EHuBZq-L4,1,0,0,0.894456941,25,2.844125874,13,7,0.500652769,0,0.412537128,6,143,97,TRUE,TRUE,FALSE,1,8.475,1,8,8,0,0,1,54,177,3
_1dNlNxImXw,1,1,1,0.869865387,204,7.382548188,73,2,0.525087893,0,0.811914558,21,1243,483,TRUE,TRUE,FALSE,8,10.89,5,72,60,2,0,9,471,5,13
rljNNcsDIsQ,1,0,0,0.919474228,35,16.56948276,5,8,0.567081656,0,0.835855901,8,174,95,TRUE,TRUE,FALSE,10,15.4207,4,100,82,3,0,9,73,75,7
EfXnCaaraD8,0,0,0,0.937111454,72,7.885551938,31,10,0.579450721,0,0.862919398,13,545,202,TRUE,TRUE,FALSE,0,10.80294118,2,17,16,2,0,0,212,183,0
QSqg9MXcYs4,0,0,0,0,54,6.412601655,19,3,0.538905829,0,0.808282149,9,299,167,TRUE,TRUE,FALSE,3,10.52378788,3,44,38,2,0,1,115,131,2
FcO2xGaWEKk,1,1,0,0.976315707,12,12.05313008,3,12,0.538970632,0,0.876191199,3,82,54,TRUE,TRUE,FALSE,3,10.02150538,3,31,26,1,0,3,26,56,4
gV-hog-hKNA,1,1,0,0.936012727,125,4.813117625,38,6,0.3886169,0,0.774509118,11,562,267,TRUE,TRUE,FALSE,47,10.13826673,22,546,270,13,0,118,195,95,56
6malJyC9xDo,1,0,0,0.852894149,829,4.773996135,209,17,0.495631493,1,0.779984999,32,3825,745,TRUE,TRUE,FALSE,0,13.77375,1,8,8,0,0,0,1361,100,1
rkmHIG4EvHU,1,1,1,0.88727003,114,9.178121739,23,3,0.507386049,0,0.723998278,10,550,217,TRUE,TRUE,FALSE,4,9.49375,2,24,24,1,0,2,198,166,6
ivhywrQ2mZ0,1,1,1,0.989169403,88,15.67433949,15,12,0.529659455,0,0.633362922,8,487,218,TRUE,TRUE,FALSE,8,12.08989796,4,49,44,1,0,9,170,235,11
FO0pPiOzBdc,1,0,0,0.92204423,83,19.29129032,22,4,0.439286619,0,0.764083196,9,682,349,TRUE,TRUE,FALSE,0,18.44666667,1,18,18,2,0,2,382,128,1
w-x7yn9jdJA,1,0,0,0.903751737,96,9.176683983,21,8,0.652305361,0,0.649978866,10,495,222,TRUE,TRUE,FALSE,15,10.70880952,7,126,90,3,0,22,198,176,20
wpFdDyF-wBA,0,1,1,0.841580598,94,6.329738676,28,0,0,0,0.701695197,14,492,254,TRUE,TRUE,FALSE,7,13.70203297,4,91,75,4,0,10,176,119,11
7k377b5eUNw,1,1,1,0.967511479,22,25.59696742,3,0,0,0,0.482650227,4,133,87,TRUE,TRUE,FALSE,3,8.882758621,2,29,27,1,0,2,83,8,5
cl3FYC1hZRU,0,1,0,0.90866832,230,11.15196358,74,1,0.319834143,1,0.853140597,27,1625,517,TRUE,TRUE,FALSE,1,21.33780822,2,73,43,2,0,6,595,298,2
rxR8jijR5QE,1,0,1,0.927583496,74,3.777324561,24,5,0.5861238,0,0.855074952,7,380,184,TRUE,TRUE,FALSE,9,12.81485075,4,67,47,2,0,6,152,22,13
aKyRWGB6-hk,0,0,0,0,0,0,0,6,0.532691047,0,0,0,0,0,TRUE,TRUE,FALSE,2,7.895384615,1,13,13,0,0,2,221,225,3
M1N5Bk1dRBE,0,0,0,0.968134826,68,14.01089583,18,3,0.424068362,0,0.845512722,17,480,222,TRUE,FALSE,FALSE,0,0,0,0,0,0,0,0,301,94,0
riIl1gw3JqA,1,1,1,0.883150669,123,11.89400351,32,11,0.583745089,0,0.836179842,18,747,304,TRUE,TRUE,FALSE,5,12.73214286,2,42,42,2,0,5,283,239,6
njYZT5o6erk,1,0,0,0.930140624,286,8.980511829,66,5,0.517237389,0,0.76977348,21,1505,431,TRUE,TRUE,FALSE,0,19.59666667,1,36,20,0,0,3,574,210,0
T9PE5rDp7Yc,0,1,0,0.865913242,87,8.853351997,19,4,0.510702394,1,0.730930635,9,423,217,TRUE,TRUE,FALSE,2,6.436521739,2,23,20,0,0,5,155,137,1
tduN_AZGb2M,1,0,0,0.860644505,114,10.98879296,26,3,0.443630457,0,0.868625614,13,629,260,TRUE,TRUE,FALSE,0,10.888,1,10,10,1,0,1,245,211,1
CeHePK3uZRY,1,1,0,0.883550069,14,11.08016873,7,1,0.582436562,0,0.580008288,5,127,92,TRUE,TRUE,FALSE,4,12.132,3,45,42,2,0,3,53,293,7
C6bio5tNSTQ,0,0,0,0.910770781,213,7.55349944,95,6,0.392045359,0,0.753587979,15,1410,463,TRUE,TRUE,FALSE,4,11.06833333,2,18,17,2,0,1,667,173,4
Evn7s-m-Ih8,0,0,0,0.948533042,5,-2.693947368,4,6,0.529604723,0,0.300019663,0,19,14,TRUE,TRUE,FALSE,0,7.591,1,10,10,1,0,2,77,269,1
B1EdPpq44U8,1,0,1,0.893804698,119,9.753823529,20,2,0.437900692,0,0.84125493,14,527,217,TRUE,TRUE,FALSE,12,12.19967742,6,93,74,5,0,13,159,93,16
DsJEimNO180,1,0,0,0.888796665,76,13.1616737,19,1,0.522874832,0,0.588092722,14,511,261,TRUE,TRUE,FALSE,21,9.485989209,8,139,83,4,0,21,182,25,24
iiNkC43e5XE,1,0,1,0.828010295,332,6.468366287,89,5,0.628077024,1,0.725814431,24,1648,547,TRUE,TRUE,FALSE,5,11.38978495,3,62,46,2,0,4,631,144,10
QkElsELu8vU,0,0,0,0.799027671,85,6.259360697,37,4,0.561344534,0,0.317916122,11,509,299,TRUE,TRUE,FALSE,9,16.08210526,2,38,37,2,0,4,757,49,9
vEtZh2Zi9TU,1,1,1,0.909815264,64,11.55529161,19,4,0.539561644,0,0.902320304,7,444,218,TRUE,TRUE,FALSE,6,16.07285714,3,42,39,2,0,7,187,156,8
YpoYy53LYaM,1,0,1,0.825980839,210,7.552196356,50,6,0.469343851,0,0.699626313,18,988,383,TRUE,TRUE,FALSE,4,17.89583333,1,36,32,2,0,6,373,195,5
OJ5UhiiXEpc,1,1,0,0.930535567,38,11.33603679,13,1,0.354524851,0,0.687486534,4,276,155,TRUE,TRUE,FALSE,4,12.28235294,3,51,42,2,0,7,129,88,7
3Bbigss1IEE,1,1,0,0.820233149,18,8.912046005,7,8,0.554532792,0,0.828464091,3,118,73,TRUE,TRUE,FALSE,5,14.31916667,3,52,43,2,0,7,53,89,9
O-stBQ1eLeM,1,1,1,0.918028119,57,10.98408521,18,4,0.663668469,0,0.818083823,9,399,200,TRUE,TRUE,FALSE,0,10.80666667,1,9,9,1,0,2,1018,172,1
Pl8dg8Dtwwo,1,0,0,0.930010563,42,14.32758201,11,3,0.636162102,0,0.841611016,3,291,160,TRUE,TRUE,FALSE,5,7.018235294,3,51,40,3,0,6,112,304,10
y0kv8_V8BVE,1,0,0,0.84612567,57,10.52304913,16,2,0.577363402,0,0.862729955,7,346,200,TRUE,TRUE,FALSE,38,9.230482309,26,437,240,6,0,72,136,73,50
2OTbDQh3MxM,1,0,1,0.891376588,166,5.531811321,50,4,0.588623211,0,0.858789249,15,795,300,TRUE,TRUE,FALSE,6,13.53125,1,24,22,2,0,4,290,96,7
xd1N0WOcd5A,1,1,1,0.952181599,44,12.67079498,10,6,0.40189365,0,0.854520877,9,239,143,TRUE,TRUE,FALSE,29,9.800601504,19,343,210,10,0,48,895,2,38
JyqWRW5fmoA,1,1,1,0.868457063,197,7.808341114,68,3,0.564659516,0,0.736689464,17,1134,395,TRUE,TRUE,FALSE,2,17.825625,1,32,28,3,0,5,535,112,5
9E9b1rrqbB0,1,0,0,0.958462438,511,14.83837575,96,3,0.559424728,1,0.796772908,26,3006,793,TRUE,TRUE,FALSE,1,2.433333333,1,9,9,1,0,0,1101,248,1
Eqs2HLQdLEY,1,0,0,0.908790069,463,7.655587337,167,1,0.336260974,1,0.844703861,24,2969,685,TRUE,TRUE,FALSE,1,12.86444444,3,54,43,4,0,6,1100,14,7
ZCforeBICoo,0,0,0,0.931349436,22,24.55896396,3,3,0.404738625,0,0.629298389,8,148,87,TRUE,TRUE,FALSE,8,13.92307692,2,39,31,3,0,4,70,290,11
59KAVjx01MU,1,1,1,0.880870789,58,11.3703763,18,16,0.601888344,0,0.789208907,13,437,177,TRUE,TRUE,FALSE,1,16.18,1,3,3,0,0,0,172,258,2
OhuyU82FdfU,0,0,0,0.965374887,0,0,0,0,0,0,0,0,0,0,TRUE,TRUE,FALSE,9,14.0894382,5,89,67,4,0,11,11,296,13
Osqye_Wh6pM,1,0,0,0.913042724,20,16.64910714,5,0,0,0,0.857304792,5,168,100,TRUE,TRUE,FALSE,5,7.018235294,3,51,40,3,0,6,62,113,10
0jL2HI_eNyg,1,0,0,0.902375646,0,0,0,6,0.550067529,0,0,0,0,0,TRUE,TRUE,FALSE,4,11.47612319,6,92,67,1,0,9,177,125,4
XEoBFAYtsYA,0,0,0,0.850461107,29,13.17226923,8,5,0.619700104,0,0.30843457,5,195,121,TRUE,TRUE,FALSE,4,8.783571429,1,14,14,1,0,3,200,253,5
7bOzURk7wp4,1,0,0,0.995016547,46,8.377996364,11,3,0.552668929,0,0.375111289,9,250,153,TRUE,TRUE,FALSE,27,10.06662263,14,346,188,10,0,57,120,205,26
i5SlKT2qcgM,0,0,0,0.832833225,55,2.983009662,23,4,0.535214856,0,0.475204042,5,270,171,TRUE,FALSE,FALSE,0,0,0,0,0,0,0,0,419,48,0
zKIDzI46XZk,0,0,0,0.895098094,66,-1.376333488,27,9,0.389577203,0,0.81861336,9,239,119,TRUE,TRUE,FALSE,0,-5.87,1,6,6,0,0,0,109,99,0
eWwKQjUyoUc,1,0,0,0.864681263,430,0.92211883,201,7,0.609617744,0,0.62417121,19,1859,543,TRUE,TRUE,FALSE,10,38.01421488,2,121,93,2,0,10,1058,273,6
GpmbwlKAQmI,0,0,0,0,0,0,0,4,0.657910004,0,0,0,0,0,TRUE,TRUE,FALSE,2,14.8915,2,20,19,1,0,4,57,188,2
cJPRu_0jt74,1,1,1,0.878246755,105,11.56414795,33,6,0.651855965,0,0.760816187,12,680,306,TRUE,TRUE,FALSE,8,13.41662542,7,127,90,6,0,14,314,257,15
HqbAYQKrCTs,1,0,0,0.980913071,66,11.29199813,16,5,0.535534662,0,0.728857676,17,401,199,TRUE,TRUE,FALSE,1,14.0548,1,25,24,2,0,4,153,65,2
zbywhAIe77o,1,0,0,0.882712119,50,12.83153698,15,1,0.443699658,0,0.745673784,10,347,207,TRUE,TRUE,FALSE,0,0.079761905,3,14,14,0,0,1,120,122,0
onVV1Il1NGg,0,1,0,0.981967974,0,0,0,1,0.362322718,0,0,0,0,0,TRUE,TRUE,FALSE,7,11.27477401,6,118,84,6,0,18,96,98,8
vYmaoEI-6EI,1,0,1,0.977291437,55,10.44220596,13,10,0.538295138,0,0.640840307,7,310,142,TRUE,TRUE,FALSE,8,8.8096,6,75,62,2,0,12,143,299,9
53PawJcxrkg,0,0,0,0.907622923,301,7.670463694,56,14,0.52903457,0,0.784518131,18,1267,396,TRUE,TRUE,FALSE,2,5.91,1,17,16,2,1,4,559,101,2
l_HweRzWmhc,1,1,1,0.910766231,171,4.791892304,57,5,0.441937935,0,0.866459425,16,851,346,TRUE,TRUE,FALSE,4,8.795855856,3,37,33,5,0,5,324,164,4
VyPenyNdJ3U,1,1,1,0.906589717,83,11.80906469,24,13,0.631356794,0,0.803744242,13,523,248,TRUE,TRUE,FALSE,11,12.34483083,8,133,95,5,0,18,239,255,16
vOTAOK0nvD0,1,0,0,0.801174287,327,6.90738024,72,9,0.585029718,1,0.803089383,19,1503,425,TRUE,TRUE,FALSE,7,11.51453552,3,61,48,5,0,8,503,150,8
BTqHfEmI5bE,0,0,0,0,0,0,0,0,0,0,0,0,0,0,TRUE,TRUE,FALSE,18,20.30401639,5,122,86,2,0,10,203,41,12
vapYcmWHg1o,0,0,0,0.897312145,226,7.912458101,80,6,0.504404192,1,0.761969903,15,1432,717,TRUE,TRUE,FALSE,7,3.95923445,11,95,65,1,0,9,788,231,6
uNYQvjfia6g,1,0,0,0.886796813,1250,6.881650958,399,6,0.641779636,3,0.799010388,38,7029,1391,TRUE,TRUE,FALSE,10,19.42830508,5,118,85,3,0,8,2816,0,12
ys-4fYFOU0Y,1,0,0,0.890809705,65,4.241317664,27,3,0.49083365,0,0.845232815,7,364,189,TRUE,TRUE,FALSE,9,13.08906977,2,43,36,3,0,8,153,278,9
RB361EPFlhI,0,0,0,0.723962784,19,11.96992537,5,9,0.631854746,0,0.895818502,4,134,75,TRUE,TRUE,FALSE,7,6.724666667,5,45,36,1,0,3,42,181,8
w6Dn7KRjpLs,0,0,0,0.979336337,191,11.44698536,53,5,0.386968207,0,0.819936014,15,1206,461,TRUE,TRUE,FALSE,10,14.04865591,3,62,46,3,0,9,516,30,12
Oic02cuJz7c,0,0,0,0.957704967,0,0,0,4,0.454033405,0,0,0,0,0,TRUE,TRUE,FALSE,9,14.0894382,5,89,67,4,0,11,11,292,13
EUxVy2bsIac,1,0,0,0.918913456,35,6.176258214,13,16,0.637184562,0,0.850705147,2,199,125,TRUE,TRUE,FALSE,4,18.11045455,2,22,20,1,0,2,57,198,3
p4Uzs9R9JNU,1,1,1,0.964007726,26,15.529002,6,0,0,0,0.634504184,8,167,107,TRUE,TRUE,FALSE,7,16.72302632,5,76,54,2,0,8,78,70,16
hb6F8RqfvUk,1,1,1,0.887912325,132,6.602853068,43,11,0.567264224,0,0.706294554,13,742,299,TRUE,TRUE,FALSE,1,6.649,2,20,19,1,0,2,288,267,0
7PkKZmKjGUA,1,0,0,0.991542174,57,11.04059659,11,21,0.59988943,0,0.667475998,10,288,140,TRUE,TRUE,FALSE,20,11.12353352,8,179,108,6,0,27,113,103,28
G53fx3Xpxpw,1,0,0,0.988697463,25,6.261532258,8,8,0.581148043,0,0.88237377,6,124,82,TRUE,TRUE,FALSE,9,25.23230769,2,91,51,1,0,6,52,76,3
YAVGpUbVfTE,1,0,0,0.945877652,486,10.50254131,144,5,0.518131238,0,0.777061245,26,3117,807,TRUE,TRUE,FALSE,1,2.433333333,1,9,9,1,0,0,1152,251,1
WwYsM3-i4_s,0,0,0,0.931125939,84,9.052043222,25,7,0.571756882,0,0.830697928,11,509,233,TRUE,TRUE,FALSE,5,18.9532,1,25,23,2,0,4,195,169,6
fkfR9fryaiQ,0,0,0,0.998160779,0,0,0,7,0.460077056,0,0,0,0,0,TRUE,TRUE,FALSE,4,17.156,1,15,15,1,0,3,300,249,6
5Xj7YznTrG8,1,1,1,0.994656061,261,9.421916763,74,3,0.343771875,0,0.759549723,18,1467,421,TRUE,TRUE,FALSE,11,15.98428571,3,63,51,2,0,8,506,68,15
sgDUxxBUPGI,1,0,0,0.893896019,174,4.063249252,66,16,0.643494209,0,0.840704785,14,901,340,TRUE,TRUE,FALSE,1,15.09052632,1,19,18,2,0,1,269,82,2
1aUlfj7Zrgw,1,1,1,0.994753397,16,17.22127273,5,1,0.421598077,0,0.846670389,5,165,101,TRUE,TRUE,FALSE,7,13.2975,2,40,33,3,0,4,64,110,9
mh90RPA-C10,1,1,1,0.946533883,112,11.45409524,36,1,0.623155057,0,0.841570556,17,840,325,TRUE,TRUE,FALSE,10,16.62609848,3,88,59,3,0,12,315,19,17
gzK0Aq62kx0,1,0,0,0.94790251,0,0,0,3,0.357648075,0,0,0,0,0,TRUE,TRUE,FALSE,0,5.359230769,1,13,13,0,0,2,33,97,0
GBfudj6iLiw,1,0,0,0.943823924,101,11.71939707,29,3,0.498826951,0,0.893161264,12,668,261,TRUE,TRUE,FALSE,28,23.10708333,3,80,55,2,0,10,246,143,33
ZGa8SXNfA1U,1,0,0,0.885273428,58,18.99979358,8,4,0.679756649,0,0.874824747,7,327,183,TRUE,TRUE,FALSE,46,10.28600719,20,417,228,6,0,69,114,168,64
6gzp7jGPwnY,1,0,0,0.802159894,805,9.410109852,227,7,0.564827647,0,0.840609791,31,4789,1104,TRUE,TRUE,FALSE,14,18.71965116,4,129,72,1,0,10,1895,157,9
hRC37QTiZg8,0,0,0,0.851904676,60,11.63368726,28,1,0.342524797,0,0.48902006,7,518,263,TRUE,TRUE,FALSE,7,16.79272727,6,99,78,4,0,10,357,45,10
XrO6rTXd-Nc,1,1,1,0.976695403,14,19.03492537,5,2,0.42756173,0,0.661815643,2,134,81,TRUE,TRUE,FALSE,4,17.6344,1,25,21,2,0,2,76,133,7
Wb0-ginVmtk,1,1,1,0.966969678,208,13.66048062,59,2,0.42756173,1,0.80107876,22,1363,492,TRUE,TRUE,FALSE,32,12.84128111,13,272,158,5,0,26,561,153,38
nJFdtxlJ-P4,1,0,0,0.857890924,66,11.58257963,17,5,0.450743538,0,0.869645417,9,410,214,TRUE,TRUE,FALSE,11,7.635189873,5,79,62,3,0,12,139,85,13
VhnjyKm6plE,1,0,0,0.802059085,139,14.0454186,31,7,0.488524407,0,0.841033913,13,850,345,TRUE,TRUE,FALSE,15,13.00547264,6,134,95,2,0,15,372,55,20
jUo2Ol74uaw,1,1,1,0.929382209,133,11.3986391,31,2,0.389851376,0,0.901741187,13,745,285,TRUE,TRUE,FALSE,4,11.1159589,4,73,51,4,0,9,255,186,13
xDmjRURoRvU,1,0,0,0.983452835,31,10.44732143,7,7,0.468025591,0,0.744244297,8,168,93,TRUE,TRUE,FALSE,2,5.861,4,45,42,3,0,7,94,163,1
QTfV3JSkOWo,1,0,0,0,28,9.957720892,7,9,0.598987781,0,0.879937023,6,173,82,TRUE,TRUE,FALSE,6,6.78234375,8,64,56,4,0,6,51,180,7
FrwhizqgXKs,1,0,0,0.853986041,26,9.768615385,10,4,0.507047765,0,0.642306348,3,195,155,TRUE,TRUE,FALSE,6,18.9255,2,60,53,3,0,8,118,10,6
7IUK3pycuBk,0,0,0,0.87242325,51,3.050990676,13,7,0.59994999,0,0.819048067,7,198,119,TRUE,TRUE,FALSE,7,12.53158228,4,79,63,2,0,15,61,209,7
izAPjNSpmTM,1,1,1,0.917942488,102,8.142878502,36,5,0.665461898,0,0.574052432,11,706,421,TRUE,FALSE,FALSE,0,0,0,0,0,0,0,0,293,69,0
mSY7XaPnRlw,0,0,0,0.891384867,0,0,0,0,0,0,0,0,0,0,TRUE,FALSE,FALSE,0,0,0,0,0,0,0,0,859,232,0
G2QvxVgTYmI,1,0,0,0,29,8.426102102,9,11,0.524256563,0,0.843618472,6,185,109,TRUE,TRUE,FALSE,10,10.52173913,5,69,56,2,0,5,68,246,20
w50MImj0esQ,1,0,0,0.969979041,10,44.17670588,1,12,0.505177016,0,0.675042123,3,85,62,TRUE,TRUE,FALSE,2,10.08191667,3,40,35,1,0,4,35,90,6
ZmaYNxzjrBU,1,0,0,0.792413517,22,13.84910714,4,4,0.540682964,0,0.875933826,6,112,76,TRUE,TRUE,FALSE,2,11.516,3,30,27,1,0,2,35,307,4
biEa2I1chKM,1,1,1,0.91368624,40,16.96479021,8,1,0.315447241,0,0.368944813,9,286,157,TRUE,TRUE,FALSE,4,12.79942857,5,105,64,1,0,14,128,208,6
2MXFzu7FrMM,0,0,0,0.874938318,44,11.84623106,15,1,0.416925073,0,0.869750636,7,352,180,TRUE,TRUE,FALSE,5,7.018235294,3,51,40,3,0,6,132,4,10
7N-kc0jpSrc,1,0,0,0.860205077,43,7.229757412,14,5,0.599661559,0,0.779637337,4,265,139,TRUE,TRUE,FALSE,16,14.27919799,7,171,114,3,0,19,91,57,18
b5FAuROyS1Q,1,0,0,0.849247428,21,4.631333333,10,5,0.557125586,0,0.846889734,3,90,64,TRUE,TRUE,FALSE,4,12.3785119,3,56,47,3,0,6,33,149,4
UNNvJNWfuJM,1,1,1,0.979396047,187,10.62739716,54,11,0.553283949,0,0.79547212,23,1120,422,TRUE,TRUE,FALSE,11,8.447142857,4,56,47,3,0,8,523,207,15
sQbgt3xnXjw,1,0,0,0.868737502,42,15.33815826,13,1,0.522070646,0,0.807647783,7,383,200,TRUE,TRUE,FALSE,50,12.18829609,20,358,165,4,0,37,174,158,54
GJkBiGxNowk,1,1,1,0.845423107,84,8.582651515,20,8,0.497981846,0,0.884648874,12,396,188,TRUE,TRUE,FALSE,21,11.11648352,5,91,67,3,0,14,115,115,28
WvG7akyfD8s,1,0,0,0.890144341,36,8.822927073,13,5,0.427768856,0,0.473399085,5,231,102,TRUE,TRUE,FALSE,9,13.19103976,6,109,83,6,0,12,199,276,13
NVo2bQzJnKc,1,0,0,0.965767816,44,6.787605634,15,10,0.622990504,0,0.651937768,3,213,127,TRUE,TRUE,FALSE,0,7.535833333,4,36,31,1,0,5,94,129,1
_hof4z9MYTI,1,0,0,0.877011303,39,12.75073198,12,12,0.637582501,0,0.608310035,6,296,149,TRUE,TRUE,FALSE,1,10.86454545,2,11,11,1,0,1,134,263,0
450_mEojroM,1,0,1,0.981344893,35,11.65534091,11,10,0.497135136,0,0.883576781,8,240,159,TRUE,TRUE,FALSE,32,7.379793651,21,270,183,9,0,38,100,219,34
_BTcU2SRT2k,1,1,1,0.922002433,80,8.667800983,22,9,0.514595548,0,0.64501212,13,444,195,TRUE,TRUE,FALSE,3,8.813275862,5,58,52,1,0,10,176,84,3
zW-_rHEzpr8,1,1,1,0.866941088,45,16.01416031,8,1,0.319834143,0,0.870871827,10,262,142,TRUE,TRUE,FALSE,11,0,0,0,0,0,0,0,97,300,10
k8YMNp3FfD0,0,0,0,0.868484892,0,0,0,2,0.553692937,0,0,0,0,0,TRUE,TRUE,FALSE,7,9.99829932,3,49,39,3,0,5,294,230,11
2cexFOCrGVU,1,1,1,0.830149477,72,12.68081098,17,0,0,0,0.890515924,14,478,197,TRUE,TRUE,FALSE,5,12.48487805,2,41,31,2,0,3,173,196,8
qjU8rTIw1L4,1,0,0,0.766282558,542,10.74396562,145,7,0.64043533,1,0.787143149,30,3254,848,TRUE,TRUE,FALSE,7,10.475,4,48,40,2,0,4,1058,86,11
d_7xogVAPFE,1,0,0,0.917607586,259,9.271521221,74,7,0.493005063,1,0.868051291,19,1599,490,TRUE,TRUE,FALSE,5,22.05898305,2,59,53,2,0,2,585,197,10
iHPhQ_uyvLE,1,1,1,0.885858005,90,8.645212541,31,3,0.489374697,0,0.78560349,13,642,263,TRUE,TRUE,FALSE,8,9.696470588,3,51,46,2,0,5,238,155,9
6NW5t6aABBA,1,0,0,0.869124578,91,8.369111505,38,1,0.42520982,0,0.788661846,16,683,278,TRUE,TRUE,FALSE,1,2.5875,1,8,8,0,0,2,349,309,1
rMbCB2_vCt0,0,0,0,0.956374523,0,0,0,2,0.334976733,0,0,0,0,0,TRUE,TRUE,FALSE,9,14.0894382,5,89,67,4,0,11,101,277,13
YhiUNxYSjrw,0,0,0,0.843950174,66,5.323294244,27,2,0.651549339,1,0.877723038,11,379,198,TRUE,TRUE,FALSE,3,8.378943089,3,41,33,3,0,6,141,237,5
IM08AnPY29A,0,0,0,0.860933453,1077,3.580918421,299,13,0.529944982,2,0.82672523,31,4896,945,TRUE,TRUE,FALSE,1,5.419285714,3,42,37,4,0,5,1740,105,2
FKtB8Uyu22w,0,0,0,0.995325516,60,10.51420918,20,16,0.667595312,0,0.767174615,9,392,195,TRUE,TRUE,FALSE,5,10.70875,2,32,31,2,0,3,171,118,7
yISphW7wPAI,1,0,0,0.93232501,525,8.945258195,131,2,0.635824859,1,0.814266039,21,2669,604,TRUE,TRUE,FALSE,6,8.587352941,4,51,43,4,0,8,867,77,8
Pt5zvT8qKqI,0,0,0,0.837109144,70,15.70747418,18,10,0.598808244,0,0.571643829,18,538,276,TRUE,TRUE,FALSE,14,14.38662898,7,139,103,7,0,15,290,285,25
wDH6kVRw2bA,0,1,1,0.884241901,178,3.539414447,49,2,0.59122473,0,0.844745564,11,734,275,TRUE,TRUE,FALSE,1,16.28217391,1,23,19,2,0,3,239,152,0
9cbxU17IVXo,0,0,0,0.966058031,161,7.849302321,51,4,0.434806168,0,0.85472585,16,980,342,TRUE,FALSE,FALSE,0,0,0,0,0,0,0,0,516,47,0
UOiiNfiU3K0,1,0,0,0.890933999,196,12.00219052,48,7,0.671170098,0,0.829712997,21,1174,461,TRUE,TRUE,FALSE,1,14.99666667,3,49,39,3,0,8,488,1,2
WZ6D49SWmxQ,1,1,1,0.890728097,126,7.059026549,40,2,0.496063247,0,0.749389106,13,678,294,TRUE,TRUE,FALSE,7,17.772,2,40,34,2,0,4,248,120,9
FmzNT1YD7zk,0,0,0,0.954677359,389,15.12904656,82,4,0.578023016,0,0.793031464,22,2508,730,TRUE,TRUE,FALSE,1,2.433333333,1,9,9,1,0,0,955,252,1
dIWkt5zacmg,0,0,0,0.868752106,1155,9.527484858,316,15,0.558384836,2,0.822382842,34,6577,1217,TRUE,TRUE,FALSE,8,14.78243902,2,41,36,2,0,2,2215,116,10
lFlcXhAC8-E,1,1,1,0.882491747,112,12.48075537,26,3,0.556070377,0,0.826543808,10,666,290,TRUE,TRUE,FALSE,12,15.7504,3,75,53,4,0,4,266,162,19
pi5pDQeHLWI,1,0,0,0.86688946,718,7.490672026,211,13,0.625504922,0,0.815122742,31,3911,877,TRUE,TRUE,FALSE,6,17.53083333,2,36,29,2,0,4,1293,81,3
_Vwd8wdBCKQ,1,0,0,0.961956864,69,16.71062906,21,4,0.546495333,0,0.820763354,10,542,279,TRUE,TRUE,FALSE,0,8.678,2,30,30,0,0,4,244,23,0
dda-r1BT42Q,1,0,0,0.992812567,57,7.026013655,17,3,0.36550205,1,0.853793815,12,336,158,TRUE,TRUE,FALSE,21,18.12846774,5,124,95,4,0,17,113,212,16
Mz7G8N03h2Y,1,1,1,0.826208348,88,10.9432782,29,7,0.584862032,0,0.786402517,13,590,299,TRUE,TRUE,FALSE,7,17.772,4,80,59,3,0,8,239,117,16